sourceRow,name,productCode,sheetUnit,dibeli,dijual,category,suggestedPrimaryUnit,existingNameMatch,existingSkuForName,existingUnitForName,existingParentForName,existingNamesUsingSameSku,issueTypes,suggestedAction
2,Affal Barang Jadi,AB000000,Kg,,4-106 Penjualan Bahan,BARANG JADI,KG,Affal Barang Jadi,AB000000,KG,Produk FINISHED GOOD Rafia,Affal Barang Jadi,,EXISTS_BY_NAME;READY_AFTER_BASIC_REVIEW
3,Affal Daun,AD000000,Kg,,4-106 Penjualan Bahan,BARANG JADI,KG,Affal Daun,AD000000,KG,Produk FINISHED GOOD Rafia,Affal Daun,,EXISTS_BY_NAME;READY_AFTER_BASIC_REVIEW
4,Affal Prongkol,AP000000,Kg,,4-106 Penjualan Bahan,BARANG JADI,KG,Affal Prongkol,AP000000,KG,Produk FINISHED GOOD Rafia,Affal Prongkol,,EXISTS_BY_NAME;READY_AFTER_BASIC_REVIEW
5,Lakop Pel Air Biru Muda,LR0000,Pcs,,4-111 Penjualan Lakop Pel Air,BARANG JADI,PCS,Lakop Pel Air Biru Muda,LR0000,PCS,Produk FINISHED GOOD Rafia,Lakop Pel Air Biru Muda,,EXISTS_BY_NAME;READY_AFTER_BASIC_REVIEW
6,Lakop Pel Air Hijau,LJ0000,Pcs,,4-111 Penjualan Lakop Pel Air,BARANG JADI,PCS,Lakop Pel Air Hijau,LJ0000,PCS,Produk FINISHED GOOD Rafia,Lakop Pel Air Hijau,,EXISTS_BY_NAME;READY_AFTER_BASIC_REVIEW
7,Lakop Pel Air Kuning,LK0000,Pcs,,4-111 Penjualan Lakop Pel Air,BARANG JADI,PCS,Lakop Pel Air Kuning,LK0000,PCS,Produk FINISHED GOOD Rafia,Lakop Pel Air Kuning,,EXISTS_BY_NAME;READY_AFTER_BASIC_REVIEW
8,Lakop Pel Air Merah,LM0000,Pcs,,4-111 Penjualan Lakop Pel Air,BARANG JADI,PCS,Lakop Pel Air Merah,LM0000,PCS,Produk FINISHED GOOD Rafia,Lakop Pel Air Merah,,EXISTS_BY_NAME;READY_AFTER_BASIC_REVIEW
9,Lakop Pel Air Orange,LO0000,Pcs,,4-111 Penjualan Lakop Pel Air,BARANG JADI,PCS,Lakop Pel Air Orange,LO0000,PCS,Produk FINISHED GOOD Rafia,Lakop Pel Air Orange,,EXISTS_BY_NAME;READY_AFTER_BASIC_REVIEW
10,Rafia Bening Super,RBS0000,Kg,,4-102 Penjualan Rafia Super,BARANG JADI,KG,Rafia Bening Super,RBS0000,KG,Produk FINISHED GOOD Rafia,Rafia Bening Super,,EXISTS_BY_NAME;READY_AFTER_BASIC_REVIEW
11,"Rafia Bening Super 0,4 (10)",RBS0410,Bal,,4-102 Penjualan Rafia Super,BARANG JADI,BAL,"Rafia Bening Super 0,4 (10)",RBS0410,BAL,Produk FINISHED GOOD Rafia,"Rafia Bening Super 0,4 (10)",,EXISTS_BY_NAME;READY_AFTER_BASIC_REVIEW
12,"Rafia Bening Super 0,75 (6)",RBS0760,Bal,,4-102 Penjualan Rafia Super,BARANG JADI,BAL,,,,,Rafia Bening Super 0.75 (6),SKU_ALREADY_USED_BY_OTHER_EXISTING_VARIANT,NEW_BY_NAME
13,"Rafia Bening Super 0,8 (10)",RBS0810,Bal,,4-102 Penjualan Rafia Super,BARANG JADI,BAL,,,,,Rafia Bening Super 0.8 (10),SKU_ALREADY_USED_BY_OTHER_EXISTING_VARIANT,NEW_BY_NAME
14,"Rafia Bening Super 0,95 (10)",RBS9510,Bal,,4-102 Penjualan Rafia Super,BARANG JADI,BAL,,,,,Rafia Bening Super 0.95 (10),SKU_ALREADY_USED_BY_OTHER_EXISTING_VARIANT,NEW_BY_NAME
15,Rafia Bening Super 1 (10),RBS1010,Bal,,4-101 Penjualan Rafia Bal,BARANG JADI,BAL,Rafia Bening Super 1 (10),RBS1010,BAL,Produk FINISHED GOOD Rafia,Rafia Bening Super 1 (10),,EXISTS_BY_NAME;READY_AFTER_BASIC_REVIEW
16,Rafia Bening Super Jasa,RBJ0000,Kg,,4-108 Penjualan Rafia Maklon,BARANG JADI,KG,Rafia Bening Super Jasa,RBJ0000,KG,Produk FINISHED GOOD Rafia,Rafia Bening Super Jasa,,EXISTS_BY_NAME;READY_AFTER_BASIC_REVIEW
17,Rafia Biru KW,RRK0000,Kg,,4-104 Penjualan Rafia Kw,BARANG JADI,KG,Rafia Biru KW,RRK0000,KG,Produk FINISHED GOOD Rafia,Rafia Biru KW,,EXISTS_BY_NAME;READY_AFTER_BASIC_REVIEW
18,"Rafia Biru KW 0,5 (10)",RRK0510,Bal,,4-101 Penjualan Rafia Bal,BARANG JADI,BAL,"Rafia Biru KW 0,5 (10)",RRK0510,BAL,Produk FINISHED GOOD Rafia,"Rafia Biru KW 0,5 (10)",,EXISTS_BY_NAME;READY_AFTER_BASIC_REVIEW
19,Rafia Biru KW 1 (10),RRK0110,Bal,,4-104 Penjualan Rafia Kw,BARANG JADI,BAL,Rafia Biru KW 1 (10),RRK0110,BAL,Produk FINISHED GOOD Rafia,Rafia Biru KW 1 (10),,EXISTS_BY_NAME;READY_AFTER_BASIC_REVIEW
20,Rafia Biru KW Super,RRW0000,Kg,,4-116 Penjualan Rafia Kw Super,BARANG JADI,KG,Rafia Biru KW Super,RRW0000,KG,Produk FINISHED GOOD Rafia,Rafia Biru KW Super,,EXISTS_BY_NAME;READY_AFTER_BASIC_REVIEW
21,Rafia Biru Super,RRS0000,Kg,,4-102 Penjualan Rafia Super,BARANG JADI,KG,Rafia Biru Super,RRS0000,KG,Produk FINISHED GOOD Rafia,Rafia Biru Super,,EXISTS_BY_NAME;READY_AFTER_BASIC_REVIEW
22,"Rafia Biru Super 0,4 (10)",RRS0410,Bal,,4-101 Penjualan Rafia Bal,BARANG JADI,BAL,"Rafia Biru Super 0,4 (10)",RRS0410,BAL,Produk FINISHED GOOD Rafia,"Rafia Biru Super 0,4 (10)",,EXISTS_BY_NAME;READY_AFTER_BASIC_REVIEW
23,"Rafia Biru Super 0,75 (6)",RRS7560,Bal,,4-101 Penjualan Rafia Bal,BARANG JADI,BAL,"Rafia Biru Super 0,75 (6)",RRS7560,BAL,Produk FINISHED GOOD Rafia,"Rafia Biru Super 0,75 (6)",,EXISTS_BY_NAME;READY_AFTER_BASIC_REVIEW
24,"Rafia Biru Super 0,7 (6)",RRS0760,Bal,,4-101 Penjualan Rafia Bal,BARANG JADI,BAL,,,,,Rafia Biru Super 0.7 (6),SKU_ALREADY_USED_BY_OTHER_EXISTING_VARIANT,NEW_BY_NAME
25,"Rafia Biru Super 0,8 (10)",RRS0810,Bal,,4-101 Penjualan Rafia Bal,BARANG JADI,BAL,,,,,Rafia Biru Super 0.8 (10),SKU_ALREADY_USED_BY_OTHER_EXISTING_VARIANT,NEW_BY_NAME
26,Rafia Biru Super 1 (10),RRS1010,Bal,,4-101 Penjualan Rafia Bal,BARANG JADI,BAL,Rafia Biru Super 1 (10),RRS1010,BAL,Produk FINISHED GOOD Rafia,Rafia Biru Super 1 (10),,EXISTS_BY_NAME;READY_AFTER_BASIC_REVIEW
27,Rafia BS,R000000,Kg,,4-106 Penjualan Bahan,BARANG JADI,KG,Rafia BS,R000000,KG,Produk FINISHED GOOD Rafia,Rafia BS,,EXISTS_BY_NAME;READY_AFTER_BASIC_REVIEW
28,Rafia Dop KW Super,RDW0000,Kg,,4-116 Penjualan Rafia Kw Super,BARANG JADI,KG,Rafia Dop KW Super,RDW0000,KG,Produk FINISHED GOOD Rafia,Rafia Dop KW Super,,EXISTS_BY_NAME;READY_AFTER_BASIC_REVIEW
29,Rafia Hijau KW,RJK0000,Kg,,4-104 Penjualan Rafia Kw,BARANG JADI,KG,Rafia Hijau KW,RJK0000,KG,Produk FINISHED GOOD Rafia,Rafia Hijau KW,,EXISTS_BY_NAME;READY_AFTER_BASIC_REVIEW
30,"Rafia Hijau KW 0,5 (10)",RJK0510,Bal,,4-101 Penjualan Rafia Bal,BARANG JADI,BAL,"Rafia Hijau KW 0,5 (10)",RJK0510,BAL,Produk FINISHED GOOD Rafia,"Rafia Hijau KW 0,5 (10)",,EXISTS_BY_NAME;READY_AFTER_BASIC_REVIEW
31,Rafia Hijau KW 1 (10),RJK0110,Bal,,4-101 Penjualan Rafia Bal,BARANG JADI,BAL,Rafia Hijau KW 1 (10),RJK0110,BAL,Produk FINISHED GOOD Rafia,Rafia Hijau KW 1 (10),,EXISTS_BY_NAME;READY_AFTER_BASIC_REVIEW
32,Rafia Hijau KW Super,RJW0000,Kg,,4-116 Penjualan Rafia Kw Super,BARANG JADI,KG,Rafia Hijau KW Super,RJW0000,KG,Produk FINISHED GOOD Rafia,Rafia Hijau KW Super,,EXISTS_BY_NAME;READY_AFTER_BASIC_REVIEW
33,Rafia Hijau Super,RJS0000,Kg,,4-102 Penjualan Rafia Super,BARANG JADI,KG,Rafia Hijau Super,RJS0000,KG,Produk FINISHED GOOD Rafia,Rafia Hijau Super,,EXISTS_BY_NAME;READY_AFTER_BASIC_REVIEW
34,"Rafia Hijau Super 0,75 (6)",RJS7560,Bal,,4-101 Penjualan Rafia Bal,BARANG JADI,BAL,"Rafia Hijau Super 0,75 (6)",RJS7560,BAL,Produk FINISHED GOOD Rafia,"Rafia Hijau Super 0,75 (6)",,EXISTS_BY_NAME;READY_AFTER_BASIC_REVIEW
35,"Rafia Hijau Super 0,95 (10)",RJS9510,Bal,,4-101 Penjualan Rafia Bal,BARANG JADI,BAL,"Rafia Hijau Super 0,95 (10)",RJS9510,BAL,Produk FINISHED GOOD Rafia,"Rafia Hijau Super 0,95 (10)",,EXISTS_BY_NAME;READY_AFTER_BASIC_REVIEW
36,"Rafia Hijau Super 0,7 (6)",RJS0760,Bal,,4-101 Penjualan Rafia Bal,BARANG JADI,BAL,,,,,Rafia Hijau Super 0.7 (6),SKU_ALREADY_USED_BY_OTHER_EXISTING_VARIANT,NEW_BY_NAME
37,"Rafia Hijau Super 0,8 (10)",RJS0810,Bal,,4-101 Penjualan Rafia Bal,BARANG JADI,BAL,,,,,Rafia Hijau Super 0.8 (10),SKU_ALREADY_USED_BY_OTHER_EXISTING_VARIANT,NEW_BY_NAME
38,Rafia Hijau Super 1 (10),RJS1010,Bal,,4-101 Penjualan Rafia Bal,BARANG JADI,BAL,Rafia Hijau Super 1 (10),RJS1010,BAL,Produk FINISHED GOOD Rafia,Rafia Hijau Super 1 (10),,EXISTS_BY_NAME;READY_AFTER_BASIC_REVIEW
39,Rafia Hijau Super Jasa,RHSJ0000,Kg,,4-108 Penjualan Rafia Maklon,BARANG JADI,KG,Rafia Hijau Super Jasa,RHSJ0000,KG,Produk FINISHED GOOD Rafia,Rafia Hijau Super Jasa,,EXISTS_BY_NAME;READY_AFTER_BASIC_REVIEW
40,Rafia Hijau Tampar,RJT0000,Kg,,4-107 Penjualan Rafia Tampar,BARANG JADI,KG,Rafia Hijau Tampar,RJT0000,KG,Produk FINISHED GOOD Rafia,Rafia Hijau Tampar,,EXISTS_BY_NAME;READY_AFTER_BASIC_REVIEW
41,Rafia Hitam KW,RHK0000,Kg,,4-104 Penjualan Rafia Kw,BARANG JADI,KG,Rafia Hitam KW,RHK0000,KG,Produk FINISHED GOOD Rafia,Rafia Hitam KW,,EXISTS_BY_NAME;READY_AFTER_BASIC_REVIEW
42,"Rafia Hitam KW 0,1 (10)",RHK0110,Bal,,4-101 Penjualan Rafia Bal,BARANG JADI,BAL,"Rafia Hitam KW 0,1 (10)",RHK0110,BAL,Produk FINISHED GOOD Rafia,"Rafia Hitam KW 0,1 (10)",,EXISTS_BY_NAME;READY_AFTER_BASIC_REVIEW
43,"Rafia Hitam Kw 0,2 (10)",RHK0210,Bal,,4-101 Penjualan Rafia Bal,BARANG JADI,BAL,"Rafia Hitam Kw 0,2 (10)",RHK0210,BAL,Produk FINISHED GOOD Rafia,"Rafia Hitam Kw 0,2 (10)",,EXISTS_BY_NAME;READY_AFTER_BASIC_REVIEW
44,"Rafia Hitam KW 0,5 (10)",RHK0510,Bal,,4-101 Penjualan Rafia Bal,BARANG JADI,BAL,"Rafia Hitam KW 0,5 (10)",RHK0510,BAL,Produk FINISHED GOOD Rafia,"Rafia Hitam KW 0,5 (10)",,EXISTS_BY_NAME;READY_AFTER_BASIC_REVIEW
45,"Rafia Hitam KW 0,5 (20)",RHK0520,Bal,,4-101 Penjualan Rafia Bal,BARANG JADI,BAL,"Rafia Hitam KW 0,5 (20)",RHK0520,BAL,Produk FINISHED GOOD Rafia,"Rafia Hitam KW 0,5 (20)",,EXISTS_BY_NAME;READY_AFTER_BASIC_REVIEW
46,"Rafia Hitam KW 0,65 (10)",RHK6510,Bal,,4-101 Penjualan Rafia Bal,BARANG JADI,BAL,"Rafia Hitam KW 0,65 (10)",RHK6510,BAL,Produk FINISHED GOOD Rafia,"Rafia Hitam KW 0,65 (10)",,EXISTS_BY_NAME;READY_AFTER_BASIC_REVIEW
47,"Rafia Hitam KW 0,7 (10)",RHK0710,Bal,,4-101 Penjualan Rafia Bal,BARANG JADI,BAL,"Rafia Hitam KW 0,7 (10)",RHK0710,BAL,Produk FINISHED GOOD Rafia,"Rafia Hitam KW 0,7 (10)",,EXISTS_BY_NAME;READY_AFTER_BASIC_REVIEW
48,"Rafia Hitam KW 0,7 (6)",RHK0760,Bal,,4-101 Penjualan Rafia Bal,BARANG JADI,BAL,"Rafia Hitam KW 0,7 (6)",RHK0760,BAL,Produk FINISHED GOOD Rafia,"Rafia Hitam KW 0,7 (6)",,EXISTS_BY_NAME;READY_AFTER_BASIC_REVIEW
49,"Rafia Hitam KW 0,8 (10)",RHK0810,Bal,,4-101 Penjualan Rafia Bal,BARANG JADI,BAL,"Rafia Hitam KW 0,8 (10)",RHK0810,BAL,Produk FINISHED GOOD Rafia,"Rafia Hitam KW 0,8 (10)",,EXISTS_BY_NAME;READY_AFTER_BASIC_REVIEW
50,"Rafia Hitam KW 0,85 (10)",RHK8510,Bal,,4-101 Penjualan Rafia Bal,BARANG JADI,BAL,"Rafia Hitam KW 0,85 (10)",RHK8510,BAL,Produk FINISHED GOOD Rafia,"Rafia Hitam KW 0,85 (10)",,EXISTS_BY_NAME;READY_AFTER_BASIC_REVIEW
51,"Rafia Hitam KW 0,9 (10)",RHK0910,Bal,,4-101 Penjualan Rafia Bal,BARANG JADI,BAL,"Rafia Hitam KW 0,9 (10)",RHK0910,BAL,Produk FINISHED GOOD Rafia,"Rafia Hitam KW 0,9 (10)",,EXISTS_BY_NAME;READY_AFTER_BASIC_REVIEW
52,"Rafia Hitam KW 0,95 (10)",RHK9510,Bal,,4-101 Penjualan Rafia Bal,BARANG JADI,BAL,"Rafia Hitam KW 0,95 (10)",RHK9510,BAL,Produk FINISHED GOOD Rafia,"Rafia Hitam KW 0,95 (10)",,EXISTS_BY_NAME;READY_AFTER_BASIC_REVIEW
53,"Rafia Hitam KW 0,4 (10)",RHK0410,Bal,,4-101 Penjualan Rafia Bal,BARANG JADI,BAL,,,,,Rafia Hitam KW 0.4 (10),SKU_ALREADY_USED_BY_OTHER_EXISTING_VARIANT,NEW_BY_NAME
54,Rafia Hitam KW 1 (10),RHK1010,Bal,,4-101 Penjualan Rafia Bal,BARANG JADI,BAL,Rafia Hitam KW 1 (10),RHK1010,BAL,Produk FINISHED GOOD Rafia,Rafia Hitam KW 1 (10),,EXISTS_BY_NAME;READY_AFTER_BASIC_REVIEW
55,"Rafia Hitam KW 1,5 (10)",RHK1510,Bal,,4-101 Penjualan Rafia Bal,BARANG JADI,BAL,"Rafia Hitam KW 1,5 (10)",RHK1510,BAL,Produk FINISHED GOOD Rafia,"Rafia Hitam KW 1,5 (10)",,EXISTS_BY_NAME;READY_AFTER_BASIC_REVIEW
56,Rafia Hitam Super,RHS0000,Kg,,4-102 Penjualan Rafia Super,BARANG JADI,KG,Rafia Hitam Super,RHS0000,KG,Produk FINISHED GOOD Rafia,Rafia Hitam Super,,EXISTS_BY_NAME;READY_AFTER_BASIC_REVIEW
57,"Rafia Hitam Super 0,9 (10)",RHS0910,Bal,,4-101 Penjualan Rafia Bal,BARANG JADI,BAL,"Rafia Hitam Super 0,9 (10)",RHS0910,BAL,Produk FINISHED GOOD Rafia,"Rafia Hitam Super 0,9 (10)",,EXISTS_BY_NAME;READY_AFTER_BASIC_REVIEW
58,"Rafia Hitam Super 0,5 (10)",RHS0510,Bal,,4-101 Penjualan Rafia Bal,BARANG JADI,BAL,,,,,Rafia Hitam Super 0.5 (10),SKU_ALREADY_USED_BY_OTHER_EXISTING_VARIANT,NEW_BY_NAME
59,"Rafia Hitam Super 0,85 (10)",RHS8510,Bal,,4-101 Penjualan Rafia Bal,BARANG JADI,BAL,,,,,Rafia Hitam Super 0.85 (10),SKU_ALREADY_USED_BY_OTHER_EXISTING_VARIANT,NEW_BY_NAME
60,Rafia Hitam Super 1 (10),RHS1010,Bal,,4-101 Penjualan Rafia Bal,BARANG JADI,BAL,Rafia Hitam Super 1 (10),RHS1010,BAL,Produk FINISHED GOOD Rafia,Rafia Hitam Super 1 (10),,EXISTS_BY_NAME;READY_AFTER_BASIC_REVIEW
61,Rafia Hitam Super Jasa,RHJ0000,Kg,,4-108 Penjualan Rafia Maklon,BARANG JADI,KG,Rafia Hitam Super Jasa,RHJ0000,KG,Produk FINISHED GOOD Rafia,Rafia Hitam Super Jasa,,EXISTS_BY_NAME;READY_AFTER_BASIC_REVIEW
62,Rafia Kuning KW,RKK0000,Kg,,4-104 Penjualan Rafia Kw,BARANG JADI,KG,Rafia Kuning KW,RKK0000,KG,Produk FINISHED GOOD Rafia,Rafia Kuning KW,,EXISTS_BY_NAME;READY_AFTER_BASIC_REVIEW
63,Rafia Kuning KW 1 (10),RKK1010,Bal,,4-101 Penjualan Rafia Bal,BARANG JADI,BAL,Rafia Kuning KW 1 (10),RKK1010,BAL,Produk FINISHED GOOD Rafia,Rafia Kuning KW 1 (10),,EXISTS_BY_NAME;READY_AFTER_BASIC_REVIEW
64,Rafia Kuning KW Super,RKW0000,Kg,,4-116 Penjualan Rafia Kw Super,BARANG JADI,KG,Rafia Kuning KW Super,RKW0000,KG,Produk FINISHED GOOD Rafia,Rafia Kuning KW Super,,EXISTS_BY_NAME;READY_AFTER_BASIC_REVIEW
65,Rafia Kuning Super,RKS0000,Kg,,4-102 Penjualan Rafia Super,BARANG JADI,KG,Rafia Kuning Super,RKS0000,KG,Produk FINISHED GOOD Rafia,Rafia Kuning Super,,EXISTS_BY_NAME;READY_AFTER_BASIC_REVIEW
66,"Rafia Kuning Super 0,4 (10)",RKS0410,Bal,,4-101 Penjualan Rafia Bal,BARANG JADI,BAL,"Rafia Kuning Super 0,4 (10)",RKS0410,BAL,Produk FINISHED GOOD Rafia,"Rafia Kuning Super 0,4 (10)",,EXISTS_BY_NAME;READY_AFTER_BASIC_REVIEW
67,"Rafia Kuning Super 0,75 (6)",RKS7560,Bal,,4-101 Penjualan Rafia Bal,BARANG JADI,BAL,"Rafia Kuning Super 0,75 (6)",RKS7560,BAL,Produk FINISHED GOOD Rafia,"Rafia Kuning Super 0,75 (6)",,EXISTS_BY_NAME;READY_AFTER_BASIC_REVIEW
68,"Rafia Kuning Super 0,8 (10)",RKS0810,Bal,,4-101 Penjualan Rafia Bal,BARANG JADI,BAL,,,,,Rafia Kuning Super 0.8 (10),SKU_ALREADY_USED_BY_OTHER_EXISTING_VARIANT,NEW_BY_NAME
69,Rafia Kuning Super 1 (10),RKS1010,Bal,,4-101 Penjualan Rafia Bal,BARANG JADI,BAL,Rafia Kuning Super 1 (10),RKS1010,BAL,Produk FINISHED GOOD Rafia,Rafia Kuning Super 1 (10),,EXISTS_BY_NAME;READY_AFTER_BASIC_REVIEW
70,Rafia Merah KW,RMK0000,Kg,,4-104 Penjualan Rafia Kw,BARANG JADI,KG,Rafia Merah KW,RMK0000,KG,Produk FINISHED GOOD Rafia,Rafia Merah KW,,EXISTS_BY_NAME;READY_AFTER_BASIC_REVIEW
71,"Rafia Merah Kw 0,5 (10)",RMK0510,Bal,,4-101 Penjualan Rafia Bal,BARANG JADI,BAL,"Rafia Merah Kw 0,5 (10)",RMK0510,BAL,Produk FINISHED GOOD Rafia,"Rafia Merah Kw 0,5 (10)",,EXISTS_BY_NAME;READY_AFTER_BASIC_REVIEW
72,Rafia Merah KW 1 (10),RMK1010,Bal,,4-101 Penjualan Rafia Bal,BARANG JADI,BAL,Rafia Merah KW 1 (10),RMK1010,BAL,Produk FINISHED GOOD Rafia,Rafia Merah KW 1 (10),,EXISTS_BY_NAME;READY_AFTER_BASIC_REVIEW
73,Rafia Merah KW Super,RMW0000,Kg,,4-116 Penjualan Rafia Kw Super,BARANG JADI,KG,Rafia Merah KW Super,RMW0000,KG,Produk FINISHED GOOD Rafia,Rafia Merah KW Super,,EXISTS_BY_NAME;READY_AFTER_BASIC_REVIEW
74,Rafia Merah Super,RMS0000,Kg,,4-102 Penjualan Rafia Super,BARANG JADI,KG,Rafia Merah Super,RMS0000,KG,Produk FINISHED GOOD Rafia,Rafia Merah Super,,EXISTS_BY_NAME;READY_AFTER_BASIC_REVIEW
75,"Rafia Merah Super 0,7 (6)",RMS0760,Bal,,4-101 Penjualan Rafia Bal,BARANG JADI,BAL,"Rafia Merah Super 0,7 (6)",RMS0760,BAL,Produk FINISHED GOOD Rafia,"Rafia Merah Super 0,7 (6)",,EXISTS_BY_NAME;READY_AFTER_BASIC_REVIEW
76,"Rafia Merah Super 0,75 (6)",RMS7560,Bal,,4-101 Penjualan Rafia Bal,BARANG JADI,BAL,"Rafia Merah Super 0,75 (6)",RMS7560,BAL,Produk FINISHED GOOD Rafia,"Rafia Merah Super 0,75 (6)",,EXISTS_BY_NAME;READY_AFTER_BASIC_REVIEW
77,"Rafia Merah Super 0,8 (10)",RMS0810,Bal,,4-101 Penjualan Rafia Bal,BARANG JADI,BAL,,,,,Rafia Merah Super 0.8 (10),SKU_ALREADY_USED_BY_OTHER_EXISTING_VARIANT,NEW_BY_NAME
78,"Rafia Merah Super 0,95 (10)",RMS9510,Bal,,4-101 Penjualan Rafia Bal,BARANG JADI,BAL,,,,,Rafia Merah Super 0.95 (10),SKU_ALREADY_USED_BY_OTHER_EXISTING_VARIANT,NEW_BY_NAME
79,Rafia Merah Super 1 (10),RMS1010,Bal,,4-101 Penjualan Rafia Bal,BARANG JADI,BAL,Rafia Merah Super 1 (10),RMS1010,BAL,Produk FINISHED GOOD Rafia,Rafia Merah Super 1 (10),,EXISTS_BY_NAME;READY_AFTER_BASIC_REVIEW
80,Rafia Merah Super 1 (6),,Bal,,4-101 Penjualan Rafia Bal,BARANG JADI,BAL,,,,,,MISSING_PRODUCT_CODE,NEW_BY_NAME
81,Rafia Merah Super Jasa,RMJ0000,Kg,,4-108 Penjualan Rafia Maklon,BARANG JADI,KG,Rafia Merah Super Jasa,RMJ0000,KG,Produk FINISHED GOOD Rafia,Rafia Merah Super Jasa,,EXISTS_BY_NAME;READY_AFTER_BASIC_REVIEW
82,Rafia Netral,,Kg,,4-104 Penjualan Rafia Kw,BARANG JADI,KG,,,,,,MISSING_PRODUCT_CODE,NEW_BY_NAME
83,Rafia Orange Super,ROS0000,Kg,,4-102 Penjualan Rafia Super,BARANG JADI,KG,Rafia Orange Super,ROS0000,KG,Produk FINISHED GOOD Rafia,Rafia Orange Super,,EXISTS_BY_NAME;READY_AFTER_BASIC_REVIEW
84,Rafia Ungu KW,RUK0000,Kg,,4-104 Penjualan Rafia Kw,BARANG JADI,KG,Rafia Ungu KW,RUK0000,KG,Produk FINISHED GOOD Rafia,Rafia Ungu KW,,EXISTS_BY_NAME;READY_AFTER_BASIC_REVIEW
85,Rafia Ungu KW Super,RUW0000,Kg,,4-116 Penjualan Rafia Kw Super,BARANG JADI,KG,Rafia Ungu KW Super,RUW0000,KG,Produk FINISHED GOOD Rafia,Rafia Ungu KW Super,,EXISTS_BY_NAME;READY_AFTER_BASIC_REVIEW
86,Rafia Ungu Super,RUS0000,Kg,,4-102 Penjualan Rafia Super,BARANG JADI,KG,Rafia Ungu Super,RUS0000,KG,Produk FINISHED GOOD Rafia,Rafia Ungu Super,,EXISTS_BY_NAME;READY_AFTER_BASIC_REVIEW
87,Rafia Ungu Super 1 (10),RUS0110,Bal,,4-101 Penjualan Rafia Bal,BARANG JADI,BAL,Rafia Ungu Super 1 (10),RUS0110,BAL,Produk FINISHED GOOD Rafia,Rafia Ungu Super 1 (10),,EXISTS_BY_NAME;READY_AFTER_BASIC_REVIEW
88,"Rafia Warna KW 0,15",RWK1500,Bal,,4-101 Penjualan Rafia Bal,BARANG JADI,BAL,"Rafia Warna KW 0,15",RWK1500,BAL,Produk FINISHED GOOD Rafia,"Rafia Warna KW 0,15",,EXISTS_BY_NAME;READY_AFTER_BASIC_REVIEW
89,"Rafia Warna KW 0,2 (10)",,Bal,,4-101 Penjualan Rafia Bal,BARANG JADI,BAL,,,,,,MISSING_PRODUCT_CODE,NEW_BY_NAME
90,"Rafia Warna KW 0,4 (10)",RWK0410,Bal,,4-101 Penjualan Rafia Bal,BARANG JADI,BAL,"Rafia Warna KW 0,4 (10)",RWK0410,BAL,Produk FINISHED GOOD Rafia,"Rafia Warna KW 0,4 (10)",,EXISTS_BY_NAME;READY_AFTER_BASIC_REVIEW
91,"Rafia Warna KW 0,5 (10)",RWK0510,Bal,,4-101 Penjualan Rafia Bal,BARANG JADI,BAL,"Rafia Warna KW 0,5 (10)",RWK0510,BAL,Produk FINISHED GOOD Rafia,"Rafia Warna KW 0,5 (10)",,EXISTS_BY_NAME;READY_AFTER_BASIC_REVIEW
92,"Rafia Warna Kw 0,5 (20)",RWK0520,Bal,,4-101 Penjualan Rafia Bal,BARANG JADI,BAL,"Rafia Warna Kw 0,5 (20)",RWK0520,BAL,Produk FINISHED GOOD Rafia,"Rafia Warna Kw 0,5 (20)",,EXISTS_BY_NAME;READY_AFTER_BASIC_REVIEW
93,"Rafia Warna KW 0,7 (10)",RWK0710,Bal,,4-101 Penjualan Rafia Bal,BARANG JADI,BAL,"Rafia Warna KW 0,7 (10)",RWK0710,BAL,Produk FINISHED GOOD Rafia,"Rafia Warna KW 0,7 (10)",,EXISTS_BY_NAME;READY_AFTER_BASIC_REVIEW
94,"Rafia Warna KW 0,8 (10)",RWK0810,Bal,,4-101 Penjualan Rafia Bal,BARANG JADI,BAL,"Rafia Warna KW 0,8 (10)",RWK0810,BAL,Produk FINISHED GOOD Rafia,"Rafia Warna KW 0,8 (10)",,EXISTS_BY_NAME;READY_AFTER_BASIC_REVIEW
95,"Rafia Warna KW 0,9 (10)",RWK0910,Bal,,4-101 Penjualan Rafia Bal,BARANG JADI,BAL,"Rafia Warna KW 0,9 (10)",RWK0910,BAL,Produk FINISHED GOOD Rafia,"Rafia Warna KW 0,9 (10)",,EXISTS_BY_NAME;READY_AFTER_BASIC_REVIEW
96,"Rafia Warna KW 0,95 (10)",RWK9510,Bal,,4-101 Penjualan Rafia Bal,BARANG JADI,BAL,"Rafia Warna KW 0,95 (10)",RWK9510,BAL,Produk FINISHED GOOD Rafia,"Rafia Warna KW 0,95 (10)",,EXISTS_BY_NAME;READY_AFTER_BASIC_REVIEW
97,Rafia Warna KW 1 (10),RWK1010,Bal,,4-101 Penjualan Rafia Bal,BARANG JADI,BAL,Rafia Warna KW 1 (10),RWK1010,BAL,Produk FINISHED GOOD Rafia,Rafia Warna KW 1 (10),,EXISTS_BY_NAME;READY_AFTER_BASIC_REVIEW
98,"Rafia Warna KW Super 0,95 (10)",RWW9510,Bal,,4-101 Penjualan Rafia Bal,BARANG JADI,BAL,"Rafia Warna KW Super 0,95 (10)",RWW9510,BAL,Produk FINISHED GOOD Rafia,"Rafia Warna KW Super 0,95 (10)",,EXISTS_BY_NAME;READY_AFTER_BASIC_REVIEW
99,"Rafia Warna Super Mix 0,1 (10)",RWM0110,Bal,,4-101 Penjualan Rafia Bal,BARANG JADI,BAL,"Rafia Warna Super Mix 0,1 (10)",RWM0110,BAL,Produk FINISHED GOOD Rafia,"Rafia Warna Super Mix 0,1 (10)",,EXISTS_BY_NAME;READY_AFTER_BASIC_REVIEW
100,"Rafia Warna Super Mix 0,75 (6)",RWM756,Bal,,4-101 Penjualan Rafia Bal,BARANG JADI,BAL,"Rafia Warna Super Mix 0,75 (6)",RWM756,BAL,Produk FINISHED GOOD Rafia,"Rafia Warna Super Mix 0,75 (6)",,EXISTS_BY_NAME;READY_AFTER_BASIC_REVIEW
101,"Rafia Warna Super Mix 0,9 (10)",RWM0910,Bal,,4-101 Penjualan Rafia Bal,BARANG JADI,BAL,"Rafia Warna Super Mix 0,9 (10)",RWM0910,BAL,Produk FINISHED GOOD Rafia,"Rafia Warna Super Mix 0,9 (10)",,EXISTS_BY_NAME;READY_AFTER_BASIC_REVIEW
102,"Rafia Warna Super Mix 0,15 (10)",RWM1510,Bal,,4-101 Penjualan Rafia Bal,BARANG JADI,BAL,,,,,Rafia Warna Super Mix 0.15 (10),SKU_ALREADY_USED_BY_OTHER_EXISTING_VARIANT,NEW_BY_NAME
103,"Rafia Warna Super Mix 0,4 (10)",RWM0410,Bal,,4-101 Penjualan Rafia Bal,BARANG JADI,BAL,,,,,Rafia Warna Super Mix 0.4 (10),SKU_ALREADY_USED_BY_OTHER_EXISTING_VARIANT,NEW_BY_NAME
104,"Rafia Warna Super Mix 0,7 (6)",RWM0760,Bal,,4-101 Penjualan Rafia Bal,BARANG JADI,BAL,,,,,Rafia Warna Super Mix 0.7 (6),SKU_ALREADY_USED_BY_OTHER_EXISTING_VARIANT,NEW_BY_NAME
105,"Rafia Warna Super Mix 0,8 (10)",RWM0810,Bal,,4-101 Penjualan Rafia Bal,BARANG JADI,BAL,,,,,Rafia Warna Super Mix 0.8 (10),SKU_ALREADY_USED_BY_OTHER_EXISTING_VARIANT,NEW_BY_NAME
106,"Rafia Warna Super Mix 0,95 (10)",RWM9510,Bal,,4-101 Penjualan Rafia Bal,BARANG JADI,BAL,,,,,Rafia Warna Super Mix 0.95 (10),SKU_ALREADY_USED_BY_OTHER_EXISTING_VARIANT,NEW_BY_NAME
107,Rafia Warna Super Mix 1 (10),RWM1010,Bal,,4-101 Penjualan Rafia Bal,BARANG JADI,BAL,Rafia Warna Super Mix 1 (10),RWM1010,BAL,Produk FINISHED GOOD Rafia,Rafia Warna Super Mix 1 (10),,EXISTS_BY_NAME;READY_AFTER_BASIC_REVIEW
108,Sapon,BJ000001,Kg,1-129 Persediaan Affal Rafia,,BARANG JADI,KG,Sapon,BJ000001,KG,Produk RAW MATERIAL Rafia,Sapon,,EXISTS_BY_NAME;READY_AFTER_BASIC_REVIEW
109,Sedotan Bening Lancip Lubang 5.5,SBP00WL,Kg,,4-105 Penjualan Sedotan Los,BARANG JADI,KG,Sedotan Bening Lancip Lubang 5.5,SBP00WL,KG,Produk FINISHED GOOD Rafia,Sedotan Bening Lancip Lubang 5.5,,EXISTS_BY_NAME;READY_AFTER_BASIC_REVIEW
110,Sedotan Bening Lurik Biru Lancip Lubang 6,SBLR0SL6,Kg,,4-105 Penjualan Sedotan Los,BARANG JADI,KG,Sedotan Bening Lurik Biru Lancip Lubang 6,SBLR0SL6,KG,Produk FINISHED GOOD Rafia,Sedotan Bening Lurik Biru Lancip Lubang 6,,EXISTS_BY_NAME;READY_AFTER_BASIC_REVIEW
111,Sedotan Bening Lurik Biru Lancip Lubang 8.5,SBLR0SL8,Kg,,4-105 Penjualan Sedotan Los,BARANG JADI,KG,Sedotan Bening Lurik Biru Lancip Lubang 8.5,SBLR0SL8,KG,Produk FINISHED GOOD Rafia,Sedotan Bening Lurik Biru Lancip Lubang 8.5,,EXISTS_BY_NAME;READY_AFTER_BASIC_REVIEW
112,Sedotan Bening Lurik Biru Putih Lancip Lubang 10,SBLRDSL10,Kg,,4-105 Penjualan Sedotan Los,BARANG JADI,KG,Sedotan Bening Lurik Biru Putih Lancip Lubang 10,SBLRDSL10,KG,Produk FINISHED GOOD Rafia,Sedotan Bening Lurik Biru Putih Lancip Lubang 10,,EXISTS_BY_NAME;READY_AFTER_BASIC_REVIEW
113,Sedotan Bening Lurik Biru Putih Lancip Lubang 12,SBLRDSL12,Kg,,4-105 Penjualan Sedotan Los,BARANG JADI,KG,Sedotan Bening Lurik Biru Putih Lancip Lubang 12,SBLRDSL12,KG,Produk FINISHED GOOD Rafia,Sedotan Bening Lurik Biru Putih Lancip Lubang 12,,EXISTS_BY_NAME;READY_AFTER_BASIC_REVIEW
114,Sedotan Bening Lurik Biru Putih Lancip Lubang 6,SBLRPSL6,Kg,,4-105 Penjualan Sedotan Los,BARANG JADI,KG,Sedotan Bening Lurik Biru Putih Lancip Lubang 6,SBLRPSL6,KG,Produk FINISHED GOOD Rafia,Sedotan Bening Lurik Biru Putih Lancip Lubang 6,,EXISTS_BY_NAME;READY_AFTER_BASIC_REVIEW
115,Sedotan Bening Lurik Biru Putih Lancip Lubang 8,SBLRDSL8,Kg,,4-105 Penjualan Sedotan Los,BARANG JADI,KG,Sedotan Bening Lurik Biru Putih Lancip Lubang 8,SBLRDSL8,KG,Produk FINISHED GOOD Rafia,Sedotan Bening Lurik Biru Putih Lancip Lubang 8,,EXISTS_BY_NAME;READY_AFTER_BASIC_REVIEW
116,Sedotan Bening Lurik Biru Putih Tumpul Lubang 6,SBLBDST6,Kg,,4-105 Penjualan Sedotan Los,BARANG JADI,KG,Sedotan Bening Lurik Biru Putih Tumpul Lubang 6,SBLBDST6,KG,Produk FINISHED GOOD Rafia,Sedotan Bening Lurik Biru Putih Tumpul Lubang 6,,EXISTS_BY_NAME;READY_AFTER_BASIC_REVIEW
117,Sedotan Bening Lurik Biru Tumpul Lubang 6,SBLR0ST6,Kg,,4-105 Penjualan Sedotan Los,BARANG JADI,KG,Sedotan Bening Lurik Biru Tumpul Lubang 6,SBLR0ST6,KG,Produk FINISHED GOOD Rafia,Sedotan Bening Lurik Biru Tumpul Lubang 6,,EXISTS_BY_NAME;READY_AFTER_BASIC_REVIEW
118,Sedotan Bening Lurik Biru Tumpul Lubang 8.5,SBLR0ST8,Kg,,4-105 Penjualan Sedotan Los,BARANG JADI,KG,Sedotan Bening Lurik Biru Tumpul Lubang 8.5,SBLR0ST8,KG,Produk FINISHED GOOD Rafia,Sedotan Bening Lurik Biru Tumpul Lubang 8.5,,EXISTS_BY_NAME;READY_AFTER_BASIC_REVIEW
119,Sedotan Bening Lurik Dop,SBLD0ST6,Kg,,4-105 Penjualan Sedotan Los,BARANG JADI,KG,Sedotan Bening Lurik Dop,SBLD0ST6,KG,Produk FINISHED GOOD Rafia,Sedotan Bening Lurik Dop,,EXISTS_BY_NAME;READY_AFTER_BASIC_REVIEW
120,Sedotan Bening Lurik Double Lancip,SBLD0ST6-02,Pack,,4-112 Penjualan Sedotan Pack,BARANG JADI,PCS,Sedotan Bening Lurik Double Lancip,SBLD0ST6-02,PCS,Produk FINISHED GOOD Rafia,Sedotan Bening Lurik Double Lancip,UNIT_NEEDS_NORMALIZATION,EXISTS_BY_NAME
121,Sedotan Bening Lurik Hijau Jasa,BJ000018,Kg,,4-109 Penjualan Sedotan Maklon,BARANG JADI,KG,Sedotan Bening Lurik Hijau Jasa,BJ000018,KG,Produk FINISHED GOOD Rafia,Sedotan Bening Lurik Hijau Jasa,,EXISTS_BY_NAME;READY_AFTER_BASIC_REVIEW
122,Sedotan Bening Lurik Hijau Lancip Lubang 6,SBLH0SL6,Kg,,4-105 Penjualan Sedotan Los,BARANG JADI,KG,Sedotan Bening Lurik Hijau Lancip Lubang 6,SBLH0SL6,KG,Produk FINISHED GOOD Rafia,Sedotan Bening Lurik Hijau Lancip Lubang 6,,EXISTS_BY_NAME;READY_AFTER_BASIC_REVIEW
123,Sedotan Bening Lurik Hijau Lancip Lubang 8.5,SBLH0ST8,Kg,,4-105 Penjualan Sedotan Los,BARANG JADI,KG,Sedotan Bening Lurik Hijau Lancip Lubang 8.5,SBLH0ST8,KG,Produk FINISHED GOOD Rafia,Sedotan Bening Lurik Hijau Lancip Lubang 8.5,,EXISTS_BY_NAME;READY_AFTER_BASIC_REVIEW
124,Sedotan Bening Lurik Hijau Putih Lancip Lubang 10,SBLJDSL10,Kg,,4-105 Penjualan Sedotan Los,BARANG JADI,KG,Sedotan Bening Lurik Hijau Putih Lancip Lubang 10,SBLJDSL10,KG,Produk FINISHED GOOD Rafia,Sedotan Bening Lurik Hijau Putih Lancip Lubang 10,,EXISTS_BY_NAME;READY_AFTER_BASIC_REVIEW
125,Sedotan Bening Lurik Hijau Putih Lancip Lubang 12,SBLJDSL12,Kg,,4-105 Penjualan Sedotan Los,BARANG JADI,KG,Sedotan Bening Lurik Hijau Putih Lancip Lubang 12,SBLJDSL12,KG,Produk FINISHED GOOD Rafia,Sedotan Bening Lurik Hijau Putih Lancip Lubang 12,,EXISTS_BY_NAME;READY_AFTER_BASIC_REVIEW
126,Sedotan Bening Lurik Hijau Putih Lancip Lubang 6,SBLJDSL6,Kg,,4-105 Penjualan Sedotan Los,BARANG JADI,KG,Sedotan Bening Lurik Hijau Putih Lancip Lubang 6,SBLJDSL6,KG,Produk FINISHED GOOD Rafia,Sedotan Bening Lurik Hijau Putih Lancip Lubang 6,,EXISTS_BY_NAME;READY_AFTER_BASIC_REVIEW
127,Sedotan Bening Lurik Hijau Putih Tumpul Lubang 6,SBLHDST6,Kg,,4-105 Penjualan Sedotan Los,BARANG JADI,KG,Sedotan Bening Lurik Hijau Putih Tumpul Lubang 6,SBLHDST6,KG,Produk FINISHED GOOD Rafia,Sedotan Bening Lurik Hijau Putih Tumpul Lubang 6,,EXISTS_BY_NAME;READY_AFTER_BASIC_REVIEW
128,Sedotan Bening Lurik Hijau Tumpul Lubang 6,SBLH0ST6,Kg,,4-105 Penjualan Sedotan Los,BARANG JADI,KG,Sedotan Bening Lurik Hijau Tumpul Lubang 6,SBLH0ST6,KG,Produk FINISHED GOOD Rafia,Sedotan Bening Lurik Hijau Tumpul Lubang 6,,EXISTS_BY_NAME;READY_AFTER_BASIC_REVIEW
129,Sedotan Bening Lurik Kuning Jasa,BJ000017,Kg,,4-109 Penjualan Sedotan Maklon,BARANG JADI,KG,Sedotan Bening Lurik Kuning Jasa,BJ000017,KG,Produk FINISHED GOOD Rafia,Sedotan Bening Lurik Kuning Jasa,,EXISTS_BY_NAME;READY_AFTER_BASIC_REVIEW
130,Sedotan Bening Lurik Kuning Lancip Lubang 6,SBLK0SL6,Kg,,4-105 Penjualan Sedotan Los,BARANG JADI,KG,Sedotan Bening Lurik Kuning Lancip Lubang 6,SBLK0SL6,KG,Produk FINISHED GOOD Rafia,Sedotan Bening Lurik Kuning Lancip Lubang 6,,EXISTS_BY_NAME;READY_AFTER_BASIC_REVIEW
131,Sedotan Bening Lurik Kuning Putih Lancip Lubang 10,SBLKDSL10,Kg,,4-105 Penjualan Sedotan Los,BARANG JADI,KG,Sedotan Bening Lurik Kuning Putih Lancip Lubang 10,SBLKDSL10,KG,Produk FINISHED GOOD Rafia,Sedotan Bening Lurik Kuning Putih Lancip Lubang 10,,EXISTS_BY_NAME;READY_AFTER_BASIC_REVIEW
132,Sedotan Bening Lurik Kuning Putih Lancip Lubang 12,SBLKDSL12,Kg,,4-105 Penjualan Sedotan Los,BARANG JADI,KG,Sedotan Bening Lurik Kuning Putih Lancip Lubang 12,SBLKDSL12,KG,Produk FINISHED GOOD Rafia,Sedotan Bening Lurik Kuning Putih Lancip Lubang 12,,EXISTS_BY_NAME;READY_AFTER_BASIC_REVIEW
133,Sedotan Bening Lurik Kuning Putih Lancip Lubang 6,SBLKDSL6,Kg,,4-105 Penjualan Sedotan Los,BARANG JADI,KG,Sedotan Bening Lurik Kuning Putih Lancip Lubang 6,SBLKDSL6,KG,Produk FINISHED GOOD Rafia,Sedotan Bening Lurik Kuning Putih Lancip Lubang 6,,EXISTS_BY_NAME;READY_AFTER_BASIC_REVIEW
134,Sedotan Bening Lurik Kuning Putih Lancip Lubang 8.5,SBLKDSL8,Kg,,4-105 Penjualan Sedotan Los,BARANG JADI,KG,Sedotan Bening Lurik Kuning Putih Lancip Lubang 8.5,SBLKDSL8,KG,Produk FINISHED GOOD Rafia,Sedotan Bening Lurik Kuning Putih Lancip Lubang 8.5,,EXISTS_BY_NAME;READY_AFTER_BASIC_REVIEW
135,Sedotan Bening Lurik Kuning Putih Tumpul Lubang 6,SBLKDST6,Kg,,4-105 Penjualan Sedotan Los,BARANG JADI,KG,Sedotan Bening Lurik Kuning Putih Tumpul Lubang 6,SBLKDST6,KG,Produk FINISHED GOOD Rafia,Sedotan Bening Lurik Kuning Putih Tumpul Lubang 6,,EXISTS_BY_NAME;READY_AFTER_BASIC_REVIEW
136,Sedotan Bening Lurik Kuning Tumpul Lubang 6,SBLK0ST6,Kg,,4-105 Penjualan Sedotan Los,BARANG JADI,KG,Sedotan Bening Lurik Kuning Tumpul Lubang 6,SBLK0ST6,KG,Produk FINISHED GOOD Rafia,Sedotan Bening Lurik Kuning Tumpul Lubang 6,,EXISTS_BY_NAME;READY_AFTER_BASIC_REVIEW
137,Sedotan Bening Lurik Kuning Tumpul Lubang 8.5,SBLK0ST8,Kg,,4-105 Penjualan Sedotan Los,BARANG JADI,KG,Sedotan Bening Lurik Kuning Tumpul Lubang 8.5,SBLK0ST8,KG,Produk FINISHED GOOD Rafia,Sedotan Bening Lurik Kuning Tumpul Lubang 8.5,,EXISTS_BY_NAME;READY_AFTER_BASIC_REVIEW
138,Sedotan Bening Lurik Merah Dop Lancip Lubang 6,SBLMDSL6,Kg,,4-105 Penjualan Sedotan Los,BARANG JADI,KG,Sedotan Bening Lurik Merah Dop Lancip Lubang 6,SBLMDSL6,KG,Produk FINISHED GOOD Rafia,Sedotan Bening Lurik Merah Dop Lancip Lubang 6,DUPLICATE_PRODUCT_CODE_IN_SHEET,EXISTS_BY_NAME
139,Sedotan Bening Lurik Merah Dop Lancip Lubang 8.5,SBLMDSL8,Kg,,4-105 Penjualan Sedotan Los,BARANG JADI,KG,Sedotan Bening Lurik Merah Dop Lancip Lubang 8.5,SBLMDSL8,KG,Produk FINISHED GOOD Rafia,Sedotan Bening Lurik Merah Dop Lancip Lubang 8.5,,EXISTS_BY_NAME;READY_AFTER_BASIC_REVIEW
140,Sedotan Bening Lurik Merah Lancip Lubang 6,SBLM0SL6,Kg,,4-105 Penjualan Sedotan Los,BARANG JADI,KG,Sedotan Bening Lurik Merah Lancip Lubang 6,SBLM0SL6,KG,Produk FINISHED GOOD Rafia,Sedotan Bening Lurik Merah Lancip Lubang 6,,EXISTS_BY_NAME;READY_AFTER_BASIC_REVIEW
141,Sedotan Bening Lurik Merah Lancip Lubang 8.5,SBLM0SL8,Kg,,4-105 Penjualan Sedotan Los,BARANG JADI,KG,Sedotan Bening Lurik Merah Lancip Lubang 8.5,SBLM0SL8,KG,Produk FINISHED GOOD Rafia,Sedotan Bening Lurik Merah Lancip Lubang 8.5,,EXISTS_BY_NAME;READY_AFTER_BASIC_REVIEW
142,Sedotan Bening Lurik Merah Putih Lancip Lubang 10,SBLM0SL10,Kg,,4-105 Penjualan Sedotan Los,BARANG JADI,KG,Sedotan Bening Lurik Merah Putih Lancip Lubang 10,SBLM0SL10,KG,Produk FINISHED GOOD Rafia,Sedotan Bening Lurik Merah Putih Lancip Lubang 10,,EXISTS_BY_NAME;READY_AFTER_BASIC_REVIEW
143,Sedotan Bening Lurik Merah Putih Lancip Lubang 12,SBLM0SL12,Kg,,4-105 Penjualan Sedotan Los,BARANG JADI,KG,Sedotan Bening Lurik Merah Putih Lancip Lubang 12,SBLM0SL12,KG,Produk FINISHED GOOD Rafia,Sedotan Bening Lurik Merah Putih Lancip Lubang 12,,EXISTS_BY_NAME;READY_AFTER_BASIC_REVIEW
144,Sedotan Bening Lurik Merah Putih Lancip Lubang 6,SBLMDSL6,Kg,,4-105 Penjualan Sedotan Los,BARANG JADI,KG,,,,,Sedotan Bening Lurik Merah Dop Lancip Lubang 6,DUPLICATE_PRODUCT_CODE_IN_SHEET;SKU_ALREADY_USED_BY_OTHER_EXISTING_VARIANT,NEW_BY_NAME
145,Sedotan Bening Lurik Merah Putih Tumpul Lubang 6,SBLMDST6,Kg,,4-105 Penjualan Sedotan Los,BARANG JADI,KG,Sedotan Bening Lurik Merah Putih Tumpul Lubang 6,SBLMDST6,KG,Produk FINISHED GOOD Rafia,Sedotan Bening Lurik Merah Putih Tumpul Lubang 6,,EXISTS_BY_NAME;READY_AFTER_BASIC_REVIEW
146,Sedotan Bening Lurik Merah Tumpul Lubang 6,SBLM0ST6,Kg,,4-105 Penjualan Sedotan Los,BARANG JADI,KG,Sedotan Bening Lurik Merah Tumpul Lubang 6,SBLM0ST6,KG,Produk FINISHED GOOD Rafia,Sedotan Bening Lurik Merah Tumpul Lubang 6,,EXISTS_BY_NAME;READY_AFTER_BASIC_REVIEW
147,Sedotan Bening Lurik Merah Tumpul Lubang 8.5,SBLM0ST8,Kg,,4-105 Penjualan Sedotan Los,BARANG JADI,KG,Sedotan Bening Lurik Merah Tumpul Lubang 8.5,SBLM0ST8,KG,Produk FINISHED GOOD Rafia,Sedotan Bening Lurik Merah Tumpul Lubang 8.5,,EXISTS_BY_NAME;READY_AFTER_BASIC_REVIEW
148,Sedotan Bening Lurik Orange Lancip Lubang 6,SBLO0SL6,Kg,,4-105 Penjualan Sedotan Los,BARANG JADI,KG,Sedotan Bening Lurik Orange Lancip Lubang 6,SBLO0SL6,KG,Produk FINISHED GOOD Rafia,Sedotan Bening Lurik Orange Lancip Lubang 6,,EXISTS_BY_NAME;READY_AFTER_BASIC_REVIEW
149,Sedotan Bening Lurik Orange Putih Lancip Lubang 10,SBLODSL10,Kg,,4-105 Penjualan Sedotan Los,BARANG JADI,KG,Sedotan Bening Lurik Orange Putih Lancip Lubang 10,SBLODSL10,KG,Produk FINISHED GOOD Rafia,Sedotan Bening Lurik Orange Putih Lancip Lubang 10,,EXISTS_BY_NAME;READY_AFTER_BASIC_REVIEW
150,Sedotan Bening Lurik Orange Putih Lancip Lubang 6,SBLODSL6,Kg,,4-105 Penjualan Sedotan Los,BARANG JADI,KG,Sedotan Bening Lurik Orange Putih Lancip Lubang 6,SBLODSL6,KG,Produk FINISHED GOOD Rafia,Sedotan Bening Lurik Orange Putih Lancip Lubang 6,,EXISTS_BY_NAME;READY_AFTER_BASIC_REVIEW
151,Sedotan Bening Lurik Orange Putih Tumpul Lubang 6,SBLODST6,Kg,,4-105 Penjualan Sedotan Los,BARANG JADI,KG,Sedotan Bening Lurik Orange Putih Tumpul Lubang 6,SBLODST6,KG,Produk FINISHED GOOD Rafia,Sedotan Bening Lurik Orange Putih Tumpul Lubang 6,,EXISTS_BY_NAME;READY_AFTER_BASIC_REVIEW
152,Sedotan Bening Lurik Orange Tumpul Lubang 6,SBLO0ST6,Kg,,4-105 Penjualan Sedotan Los,BARANG JADI,KG,Sedotan Bening Lurik Orange Tumpul Lubang 6,SBLO0ST6,KG,Produk FINISHED GOOD Rafia,Sedotan Bening Lurik Orange Tumpul Lubang 6,,EXISTS_BY_NAME;READY_AFTER_BASIC_REVIEW
153,Sedotan Bening Lurik Orange Tumpul Lubang 8.5,SBLO0ST8,Kg,,4-105 Penjualan Sedotan Los,BARANG JADI,KG,Sedotan Bening Lurik Orange Tumpul Lubang 8.5,SBLO0ST8,KG,Produk FINISHED GOOD Rafia,Sedotan Bening Lurik Orange Tumpul Lubang 8.5,,EXISTS_BY_NAME;READY_AFTER_BASIC_REVIEW
154,Sedotan Bening Lurik Pink Jasa,BJ000019,Kg,,4-109 Penjualan Sedotan Maklon,BARANG JADI,KG,Sedotan Bening Lurik Pink Jasa,BJ000019,KG,Produk FINISHED GOOD Rafia,Sedotan Bening Lurik Pink Jasa,,EXISTS_BY_NAME;READY_AFTER_BASIC_REVIEW
155,Sedotan Bening Lurik Pink Lancip Lubang 6,SBLP0SL6,Kg,,4-105 Penjualan Sedotan Los,BARANG JADI,KG,Sedotan Bening Lurik Pink Lancip Lubang 6,SBLP0SL6,KG,Produk FINISHED GOOD Rafia,Sedotan Bening Lurik Pink Lancip Lubang 6,,EXISTS_BY_NAME;READY_AFTER_BASIC_REVIEW
156,Sedotan Bening Lurik Pink Lancip Lubang 8.5,SBLP0SL8,Kg,,4-105 Penjualan Sedotan Los,BARANG JADI,KG,Sedotan Bening Lurik Pink Lancip Lubang 8.5,SBLP0SL8,KG,Produk FINISHED GOOD Rafia,Sedotan Bening Lurik Pink Lancip Lubang 8.5,,EXISTS_BY_NAME;READY_AFTER_BASIC_REVIEW
157,Sedotan Bening Lurik Pink Putih,SBLPDKT,Kg,,4-105 Penjualan Sedotan Los,BARANG JADI,KG,Sedotan Bening Lurik Pink Putih,SBLPDKT,KG,Produk FINISHED GOOD Rafia,Sedotan Bening Lurik Pink Putih,,EXISTS_BY_NAME;READY_AFTER_BASIC_REVIEW
158,Sedotan Bening Lurik Pink Putih Lancip Lubang 10,SBLPDSL10,Kg,,4-105 Penjualan Sedotan Los,BARANG JADI,KG,Sedotan Bening Lurik Pink Putih Lancip Lubang 10,SBLPDSL10,KG,Produk FINISHED GOOD Rafia,Sedotan Bening Lurik Pink Putih Lancip Lubang 10,,EXISTS_BY_NAME;READY_AFTER_BASIC_REVIEW
159,Sedotan Bening Lurik Pink Putih Lancip Lubang 12,SBLPDSL12,Kg,,4-105 Penjualan Sedotan Los,BARANG JADI,KG,Sedotan Bening Lurik Pink Putih Lancip Lubang 12,SBLPDSL12,KG,Produk FINISHED GOOD Rafia,Sedotan Bening Lurik Pink Putih Lancip Lubang 12,,EXISTS_BY_NAME;READY_AFTER_BASIC_REVIEW
160,Sedotan Bening Lurik Pink Putih Lancip Lubang 6,BJ000014,Kg,,4-105 Penjualan Sedotan Los,BARANG JADI,KG,Sedotan Bening Lurik Pink Putih Lancip Lubang 6,BJ000014,KG,Produk FINISHED GOOD Rafia,Sedotan Bening Lurik Pink Putih Lancip Lubang 6,,EXISTS_BY_NAME;READY_AFTER_BASIC_REVIEW
161,Sedotan Bening Lurik Pink Putih Tumpul Lubang 6,SBLPDST6,Kg,,4-105 Penjualan Sedotan Los,BARANG JADI,KG,Sedotan Bening Lurik Pink Putih Tumpul Lubang 6,SBLPDST6,KG,Produk FINISHED GOOD Rafia,Sedotan Bening Lurik Pink Putih Tumpul Lubang 6,,EXISTS_BY_NAME;READY_AFTER_BASIC_REVIEW
162,Sedotan Bening Lurik Pink Tumpul Lubang 6,SBLP0ST6,Kg,,4-105 Penjualan Sedotan Los,BARANG JADI,KG,Sedotan Bening Lurik Pink Tumpul Lubang 6,SBLP0ST6,KG,Produk FINISHED GOOD Rafia,Sedotan Bening Lurik Pink Tumpul Lubang 6,,EXISTS_BY_NAME;READY_AFTER_BASIC_REVIEW
163,Sedotan Bening Lurik Pink Tumpul Lubang 8.5,SBLP0ST8,Kg,,4-105 Penjualan Sedotan Los,BARANG JADI,KG,Sedotan Bening Lurik Pink Tumpul Lubang 8.5,SBLP0ST8,KG,Produk FINISHED GOOD Rafia,Sedotan Bening Lurik Pink Tumpul Lubang 8.5,,EXISTS_BY_NAME;READY_AFTER_BASIC_REVIEW
164,Sedotan Bening Steril,SBP00WL-11,Pack,,4-114 Penjualan Sedotan Steril,BARANG JADI,PCS,Sedotan Bening Steril,SBP00WL-11,PCS,Produk FINISHED GOOD Rafia,Sedotan Bening Steril,UNIT_NEEDS_NORMALIZATION,EXISTS_BY_NAME
165,Sedotan Bening Steril Full Printing,SBP00SL-11,Karton,,4-114 Penjualan Sedotan Steril,BARANG JADI,PCS,Sedotan Bening Steril Full Printing,SBP00SL-11,PCS,Produk FINISHED GOOD Rafia,Sedotan Bening Steril Full Printing,UNIT_NEEDS_NORMALIZATION,EXISTS_BY_NAME
166,Sedotan Bening Super,SBP00ST6,Kg,,4-105 Penjualan Sedotan Los,BARANG JADI,KG,Sedotan Bening Super,SBP00ST6,KG,Produk FINISHED GOOD Rafia,Sedotan Bening Super,,EXISTS_BY_NAME;READY_AFTER_BASIC_REVIEW
167,Sedotan Bening Super Jasa,BJ000016,Kg,,4-109 Penjualan Sedotan Maklon,BARANG JADI,KG,Sedotan Bening Super Jasa,BJ000016,KG,Produk FINISHED GOOD Rafia,Sedotan Bening Super Jasa,,EXISTS_BY_NAME;READY_AFTER_BASIC_REVIEW
168,Sedotan Biru KW,SRP00KT6,Kg,,4-105 Penjualan Sedotan Los,BARANG JADI,KG,Sedotan Biru KW,SRP00KT6,KG,Produk FINISHED GOOD Rafia,Sedotan Biru KW,,EXISTS_BY_NAME;READY_AFTER_BASIC_REVIEW
169,Sedotan Biru KW Jasa,SRK00JT6,Kg,,4-109 Penjualan Sedotan Maklon,BARANG JADI,KG,Sedotan Biru KW Jasa,SRK00JT6,KG,Produk FINISHED GOOD Rafia,Sedotan Biru KW Jasa,,EXISTS_BY_NAME;READY_AFTER_BASIC_REVIEW
170,Sedotan Biru KW Lubang 7,SRP00KT7,Kg,,4-105 Penjualan Sedotan Los,BARANG JADI,KG,Sedotan Biru KW Lubang 7,SRP00KT7,KG,Produk FINISHED GOOD Rafia,Sedotan Biru KW Lubang 7,,EXISTS_BY_NAME;READY_AFTER_BASIC_REVIEW
171,Sedotan Biru KW Lurik Dop,SRLD0KT6,Kg,,4-105 Penjualan Sedotan Los,BARANG JADI,KG,Sedotan Biru KW Lurik Dop,SRLD0KT6,KG,Produk FINISHED GOOD Rafia,Sedotan Biru KW Lurik Dop,,EXISTS_BY_NAME;READY_AFTER_BASIC_REVIEW
172,Sedotan Biru Lurik Dop Jasa,SRLDOJT6,Kg,,4-105 Penjualan Sedotan Los,BARANG JADI,KG,Sedotan Biru Lurik Dop Jasa,SRLDOJT6,KG,Produk FINISHED GOOD Rafia,Sedotan Biru Lurik Dop Jasa,,EXISTS_BY_NAME;READY_AFTER_BASIC_REVIEW
173,Sedotan Biru Lurik Dop Lancip Lubang 6,BJ000024,Kg,,4-105 Penjualan Sedotan Los,BARANG JADI,KG,Sedotan Biru Lurik Dop Lancip Lubang 6,BJ000024,KG,Produk FINISHED GOOD Rafia,Sedotan Biru Lurik Dop Lancip Lubang 6,,EXISTS_BY_NAME;READY_AFTER_BASIC_REVIEW
174,"Sedotan Biru Lurik Dop Lancip Lubang 8,5",SRLD0SL8,Kg,,4-105 Penjualan Sedotan Los,BARANG JADI,KG,,,,,Sedotan Biru Lurik Dop Lancip Lubang 8.5,SKU_ALREADY_USED_BY_OTHER_EXISTING_VARIANT,NEW_BY_NAME
175,Sedotan Biru Lurik Dop Lubang 6,SRLD0ST6,Kg,,4-105 Penjualan Sedotan Los,BARANG JADI,KG,Sedotan Biru Lurik Dop Lubang 6,SRLD0ST6,KG,Produk FINISHED GOOD Rafia,Sedotan Biru Lurik Dop Lubang 6,,EXISTS_BY_NAME;READY_AFTER_BASIC_REVIEW
176,"Sedotan Biru Lurik Dop Lubang 6,2",SRLD0ST2,Kg,,4-105 Penjualan Sedotan Los,BARANG JADI,KG,"Sedotan Biru Lurik Dop Lubang 6,2",SRLD0ST2,KG,Produk FINISHED GOOD Rafia,"Sedotan Biru Lurik Dop Lubang 6,2",,EXISTS_BY_NAME;READY_AFTER_BASIC_REVIEW
177,"Sedotan Biru Lurik Dop Lubang 6,5",,Kg,,4-105 Penjualan Sedotan Los,BARANG JADI,KG,,,,,,MISSING_PRODUCT_CODE,NEW_BY_NAME
178,Sedotan Biru Super,SRP00ST6,Kg,,4-105 Penjualan Sedotan Los,BARANG JADI,KG,Sedotan Biru Super,SRP00ST6,KG,Produk FINISHED GOOD Rafia,Sedotan Biru Super,,EXISTS_BY_NAME;READY_AFTER_BASIC_REVIEW
179,Sedotan Biru Super Jasa,SRS00JT6,Kg,,4-109 Penjualan Sedotan Maklon,BARANG JADI,KG,Sedotan Biru Super Jasa,SRS00JT6,KG,Produk FINISHED GOOD Rafia,Sedotan Biru Super Jasa,,EXISTS_BY_NAME;READY_AFTER_BASIC_REVIEW
180,"Sedotan Biru Tumpul Lubang 8,5",SRP00ST8,Kg,,4-105 Penjualan Sedotan Los,BARANG JADI,KG,,,,,Sedotan Biru Tumpul Lubang 8.5,SKU_ALREADY_USED_BY_OTHER_EXISTING_VARIANT,NEW_BY_NAME
181,Sedotan BS,S000000,Kg,,4-106 Penjualan Bahan,BARANG JADI,KG,Sedotan BS,S000000,KG,Produk FINISHED GOOD Rafia,Sedotan BS,,EXISTS_BY_NAME;READY_AFTER_BASIC_REVIEW
182,Sedotan Dop KW,SDP00KT6,Kg,,4-105 Penjualan Sedotan Los,BARANG JADI,KG,Sedotan Dop KW,SDP00KT6,KG,Produk FINISHED GOOD Rafia,Sedotan Dop KW,,EXISTS_BY_NAME;READY_AFTER_BASIC_REVIEW
183,Sedotan Dop Tekuk,SDP00SU6,Kg,,4-110 Penjualan Sedotan Tekuk,BARANG JADI,KG,Sedotan Dop Tekuk,SDP00SU6,KG,Produk FINISHED GOOD Rafia,Sedotan Dop Tekuk,,EXISTS_BY_NAME;READY_AFTER_BASIC_REVIEW
184,Sedotan Hijau KW,SJP00KT6,Kg,,4-105 Penjualan Sedotan Los,BARANG JADI,KG,Sedotan Hijau KW,SJP00KT6,KG,Produk FINISHED GOOD Rafia,Sedotan Hijau KW,,EXISTS_BY_NAME;READY_AFTER_BASIC_REVIEW
185,Sedotan Hijau KW Jasa,SJK00JT6,Kg,,4-109 Penjualan Sedotan Maklon,BARANG JADI,KG,Sedotan Hijau KW Jasa,SJK00JT6,KG,Produk FINISHED GOOD Rafia,Sedotan Hijau KW Jasa,,EXISTS_BY_NAME;READY_AFTER_BASIC_REVIEW
186,Sedotan Hijau KW Lubang 7,SJP00KT7,Kg,,4-105 Penjualan Sedotan Los,BARANG JADI,KG,Sedotan Hijau KW Lubang 7,SJP00KT7,KG,Produk FINISHED GOOD Rafia,Sedotan Hijau KW Lubang 7,,EXISTS_BY_NAME;READY_AFTER_BASIC_REVIEW
187,Sedotan Hijau KW Lurik Dop,SJLD0KT6,Kg,,4-105 Penjualan Sedotan Los,BARANG JADI,KG,Sedotan Hijau KW Lurik Dop,SJLD0KT6,KG,Produk FINISHED GOOD Rafia,Sedotan Hijau KW Lurik Dop,,EXISTS_BY_NAME;READY_AFTER_BASIC_REVIEW
188,"Sedotan Hijau Lancip Lubang 5,5",SJP00WL,Kg,,4-105 Penjualan Sedotan Los,BARANG JADI,KG,,,,,Sedotan Hijau Lancip Lubang 5.5,SKU_ALREADY_USED_BY_OTHER_EXISTING_VARIANT,NEW_BY_NAME
189,"Sedotan Hijau Lancip Lubang 8,5",SJP00SL8,Kg,,4-105 Penjualan Sedotan Los,BARANG JADI,KG,,,,,Sedotan Hijau Lancip Lubang 8.5,SKU_ALREADY_USED_BY_OTHER_EXISTING_VARIANT,NEW_BY_NAME
190,Sedotan Hijau Lurik Dop Jasa,SJS00JT6,Kg,,4-109 Penjualan Sedotan Maklon,BARANG JADI,KG,Sedotan Hijau Lurik Dop Jasa,SJS00JT6,KG,Produk FINISHED GOOD Rafia,Sedotan Hijau Lurik Dop Jasa,,EXISTS_BY_NAME;READY_AFTER_BASIC_REVIEW
191,Sedotan Hijau Lurik Dop Lancip Lubang 6,BJ000022,Kg,,4-105 Penjualan Sedotan Los,BARANG JADI,KG,Sedotan Hijau Lurik Dop Lancip Lubang 6,BJ000022,KG,Produk FINISHED GOOD Rafia,Sedotan Hijau Lurik Dop Lancip Lubang 6,,EXISTS_BY_NAME;READY_AFTER_BASIC_REVIEW
192,Sedotan Hijau Lurik Dop Lubang 6,SJLD0ST6,Kg,,4-105 Penjualan Sedotan Los,BARANG JADI,KG,Sedotan Hijau Lurik Dop Lubang 6,SJLD0ST6,KG,Produk FINISHED GOOD Rafia,Sedotan Hijau Lurik Dop Lubang 6,,EXISTS_BY_NAME;READY_AFTER_BASIC_REVIEW
193,"Sedotan Hijau Lurik Dop Lubang 6,2",SJLD0ST2,Kg,,4-105 Penjualan Sedotan Los,BARANG JADI,KG,"Sedotan Hijau Lurik Dop Lubang 6,2",SJLD0ST2,KG,Produk FINISHED GOOD Rafia,"Sedotan Hijau Lurik Dop Lubang 6,2",,EXISTS_BY_NAME;READY_AFTER_BASIC_REVIEW
194,"Sedotan Hijau Lurik Dop Lubang 6,5",,Kg,,4-105 Penjualan Sedotan Los,BARANG JADI,KG,,,,,,MISSING_PRODUCT_CODE,NEW_BY_NAME
195,"Sedotan Hijau Lurik Dop Lubang 8,5",SJLD0ST8,Kg,,4-105 Penjualan Sedotan Los,BARANG JADI,KG,,,,,Sedotan Hijau Lurik Dop Lubang 8.5,SKU_ALREADY_USED_BY_OTHER_EXISTING_VARIANT,NEW_BY_NAME
196,Sedotan Hijau Steril Full Printing,SJS00WL-11,Karton,,4-114 Penjualan Sedotan Steril,BARANG JADI,PCS,Sedotan Hijau Steril Full Printing,SJS00WL-11,PCS,Produk FINISHED GOOD Rafia,Sedotan Hijau Steril Full Printing,UNIT_NEEDS_NORMALIZATION,EXISTS_BY_NAME
197,Sedotan Hijau Super,SJP00ST6,Kg,,4-105 Penjualan Sedotan Los,BARANG JADI,KG,Sedotan Hijau Super,SJP00ST6,KG,Produk FINISHED GOOD Rafia,Sedotan Hijau Super,,EXISTS_BY_NAME;READY_AFTER_BASIC_REVIEW
198,Sedotan Hijau Super 3,SJP00WT6,Kg,,4-105 Penjualan Sedotan Los,BARANG JADI,KG,Sedotan Hijau Super 3,SJP00WT6,KG,Produk FINISHED GOOD Rafia,Sedotan Hijau Super 3,,EXISTS_BY_NAME;READY_AFTER_BASIC_REVIEW
199,Sedotan Hijau Super Jasa,SJP00JT6,Kg,,4-109 Penjualan Sedotan Maklon,BARANG JADI,KG,Sedotan Hijau Super Jasa,SJP00JT6,KG,Produk FINISHED GOOD Rafia,Sedotan Hijau Super Jasa,,EXISTS_BY_NAME;READY_AFTER_BASIC_REVIEW
200,"Sedotan Hijau Tumpul Lubang 8,5",SJP00ST8,Kg,,4-105 Penjualan Sedotan Los,BARANG JADI,KG,,,,,Sedotan Hijau Tumpul Lubang 8.5,SKU_ALREADY_USED_BY_OTHER_EXISTING_VARIANT,NEW_BY_NAME
201,"Sedotan Hijau Tumpul Lubang 8,5 Jasa",SJP00JT8,Kg,,4-109 Penjualan Sedotan Maklon,BARANG JADI,KG,,,,,Sedotan Hijau Tumpul Lubang 8.5 Jasa,SKU_ALREADY_USED_BY_OTHER_EXISTING_VARIANT,NEW_BY_NAME
202,Sedotan Hitam Lancip,,Kg,,4-105 Penjualan Sedotan Los,BARANG JADI,KG,,,,,,MISSING_PRODUCT_CODE,NEW_BY_NAME
203,Sedotan Hitam Lancip Lubang 12,BJ000015,Kg,,4-105 Penjualan Sedotan Los,BARANG JADI,KG,,,,,Sedotan Warna Lurik Double 70gr,DUPLICATE_PRODUCT_CODE_IN_SHEET;SKU_ALREADY_USED_BY_OTHER_EXISTING_VARIANT,NEW_BY_NAME
204,Sedotan Hitam Lancip Lubang 5,SHP00WL5,Kg,,4-105 Penjualan Sedotan Los,BARANG JADI,KG,Sedotan Hitam Lancip Lubang 5,SHP00WL5,KG,Produk FINISHED GOOD Rafia,Sedotan Hitam Lancip Lubang 5,,EXISTS_BY_NAME;READY_AFTER_BASIC_REVIEW
205,"Sedotan Hitam Lancip Lubang 5,5",SHP00WL,Kg,,4-105 Penjualan Sedotan Los,BARANG JADI,KG,,,,,Sedotan Hitam Lancip Lubang 5.5,SKU_ALREADY_USED_BY_OTHER_EXISTING_VARIANT,NEW_BY_NAME
206,Sedotan Hitam Lurik Dop Luban 6 Jasa,,Kg,,4-105 Penjualan Sedotan Los,BARANG JADI,KG,,,,,,MISSING_PRODUCT_CODE,NEW_BY_NAME
207,Sedotan Hitam Steril,SHS00WL-20,Pack,,4-114 Penjualan Sedotan Steril,BARANG JADI,PCS,Sedotan Hitam Steril,SHS00WL-20,PCS,Produk FINISHED GOOD Rafia,Sedotan Hitam Steril,DUPLICATE_PRODUCT_CODE_IN_SHEET;UNIT_NEEDS_NORMALIZATION,EXISTS_BY_NAME
208,Sedotan Hitam Steril Bal Dalam Printing Luar Polos,,Bal,,4-114 Penjualan Sedotan Steril,BARANG JADI,BAL,,,,,,MISSING_PRODUCT_CODE,NEW_BY_NAME
209,Sedotan Hitam Steril Bal Full Polos Isi 250,SHS00WL-00,Bal,,4-114 Penjualan Sedotan Steril,BARANG JADI,BAL,Sedotan Hitam Steril Bal Full Polos Isi 250,SHS00WL-00,BAL,Produk FINISHED GOOD Rafia,Sedotan Hitam Steril Bal Full Polos Isi 250,DUPLICATE_PRODUCT_CODE_IN_SHEET,EXISTS_BY_NAME
210,Sedotan Hitam Steril Bal Full Polos Isi 500,,Bal,,4-114 Penjualan Sedotan Steril,BARANG JADI,BAL,,,,,,MISSING_PRODUCT_CODE,NEW_BY_NAME
211,Sedotan Hitam Steril Dalam Polos Luar Printing,SHS00WL-01,Karton,,4-114 Penjualan Sedotan Steril,BARANG JADI,PCS,Sedotan Hitam Steril Dalam Polos Luar Printing,SHS00WL-01,PCS,Produk FINISHED GOOD Rafia,Sedotan Hitam Steril Dalam Polos Luar Printing,UNIT_NEEDS_NORMALIZATION,EXISTS_BY_NAME
212,Sedotan Hitam Steril Dalam Printing Luar Polos,SHS00WL-10,Karton,,4-114 Penjualan Sedotan Steril,BARANG JADI,PCS,Sedotan Hitam Steril Dalam Printing Luar Polos,SHS00WL-10,PCS,Produk FINISHED GOOD Rafia,Sedotan Hitam Steril Dalam Printing Luar Polos,UNIT_NEEDS_NORMALIZATION,EXISTS_BY_NAME
213,Sedotan Hitam Steril Full Polos,SHS00WL-00,Karton,,4-114 Penjualan Sedotan Steril,BARANG JADI,PCS,,,,,Sedotan Hitam Steril Bal Full Polos Isi 250,DUPLICATE_PRODUCT_CODE_IN_SHEET;UNIT_NEEDS_NORMALIZATION;SKU_ALREADY_USED_BY_OTHER_EXISTING_VARIANT,NEW_BY_NAME
214,Sedotan Hitam Steril Full Polos Isi 250,SHS00WL-00,Karton,,4-114 Penjualan Sedotan Steril,BARANG JADI,PCS,,,,,Sedotan Hitam Steril Bal Full Polos Isi 250,DUPLICATE_PRODUCT_CODE_IN_SHEET;UNIT_NEEDS_NORMALIZATION;SKU_ALREADY_USED_BY_OTHER_EXISTING_VARIANT,NEW_BY_NAME
215,Sedotan Hitam Steril Full Polos Isi 500,SHS00WL-00,Karton,,4-114 Penjualan Sedotan Steril,BARANG JADI,PCS,,,,,Sedotan Hitam Steril Bal Full Polos Isi 250,DUPLICATE_PRODUCT_CODE_IN_SHEET;UNIT_NEEDS_NORMALIZATION;SKU_ALREADY_USED_BY_OTHER_EXISTING_VARIANT,NEW_BY_NAME
216,Sedotan Hitam Steril Full Polos Jasa,SHS00JL-00,Kg,,4-109 Penjualan Sedotan Maklon,BARANG JADI,KG,Sedotan Hitam Steril Full Polos Jasa,SHS00JL-00,KG,Produk FINISHED GOOD Rafia,Sedotan Hitam Steril Full Polos Jasa,,EXISTS_BY_NAME;READY_AFTER_BASIC_REVIEW
217,Sedotan Hitam Steril Full Printing,SHS00WL-11,Karton,,4-114 Penjualan Sedotan Steril,BARANG JADI,PCS,Sedotan Hitam Steril Full Printing,SHS00WL-11,PCS,Produk FINISHED GOOD Rafia,Sedotan Hitam Steril Full Printing,DUPLICATE_PRODUCT_CODE_IN_SHEET;UNIT_NEEDS_NORMALIZATION,EXISTS_BY_NAME
218,Sedotan Hitam Steril Full Printing Isi 250,SHS00WL-11,Karton,,4-114 Penjualan Sedotan Steril,BARANG JADI,PCS,,,,,Sedotan Hitam Steril Full Printing,DUPLICATE_PRODUCT_CODE_IN_SHEET;UNIT_NEEDS_NORMALIZATION;SKU_ALREADY_USED_BY_OTHER_EXISTING_VARIANT,NEW_BY_NAME
219,Sedotan Hitam Steril Full Printing Isi 500,SHS00WL-11,Karton,,4-114 Penjualan Sedotan Steril,BARANG JADI,PCS,,,,,Sedotan Hitam Steril Full Printing,DUPLICATE_PRODUCT_CODE_IN_SHEET;UNIT_NEEDS_NORMALIZATION;SKU_ALREADY_USED_BY_OTHER_EXISTING_VARIANT,NEW_BY_NAME
220,Sedotan Hitam Steril Jasa,SHP00JL6,Kg,,4-109 Penjualan Sedotan Maklon,BARANG JADI,KG,Sedotan Hitam Steril Jasa,SHP00JL6,KG,Produk FINISHED GOOD Rafia,Sedotan Hitam Steril Jasa,,EXISTS_BY_NAME;READY_AFTER_BASIC_REVIEW
221,Sedotan Hitam Steril Kura Isi 250,SHS00WL-11,Karton,,4-114 Penjualan Sedotan Steril,BARANG JADI,PCS,,,,,Sedotan Hitam Steril Full Printing,DUPLICATE_PRODUCT_CODE_IN_SHEET;UNIT_NEEDS_NORMALIZATION;SKU_ALREADY_USED_BY_OTHER_EXISTING_VARIANT,NEW_BY_NAME
222,Sedotan Hitam Steril Kura Isi 500,SHS00WL-11,Karton,,4-114 Penjualan Sedotan Steril,BARANG JADI,PCS,,,,,Sedotan Hitam Steril Full Printing,DUPLICATE_PRODUCT_CODE_IN_SHEET;UNIT_NEEDS_NORMALIZATION;SKU_ALREADY_USED_BY_OTHER_EXISTING_VARIANT,NEW_BY_NAME
223,Sedotan Hitam Steril Pack Polos Isi 250,SHS00WL-20,Pack,,4-114 Penjualan Sedotan Steril,BARANG JADI,PCS,,,,,Sedotan Hitam Steril,DUPLICATE_PRODUCT_CODE_IN_SHEET;UNIT_NEEDS_NORMALIZATION;SKU_ALREADY_USED_BY_OTHER_EXISTING_VARIANT,NEW_BY_NAME
224,Sedotan Hitam Steril Pack Printing Isi 250,SHS00WL-22,Pack,,4-114 Penjualan Sedotan Steril,BARANG JADI,PCS,Sedotan Hitam Steril Pack Printing Isi 250,SHS00WL-22,PCS,Produk FINISHED GOOD Rafia,Sedotan Hitam Steril Pack Printing Isi 250,UNIT_NEEDS_NORMALIZATION,EXISTS_BY_NAME
225,Sedotan Hitam Steril Polos Pack Isi 200,BJ000011,Pack,,4-114 Penjualan Sedotan Steril,BARANG JADI,PCS,Sedotan Hitam Steril Polos Pack Isi 200,BJ000011,PCS,Produk FINISHED GOOD Rafia,Sedotan Hitam Steril Polos Pack Isi 200,UNIT_NEEDS_NORMALIZATION,EXISTS_BY_NAME
226,Sedotan Hitam Steril Printing Pack Isi 200,BJ000012,Pack,,4-114 Penjualan Sedotan Steril,BARANG JADI,PCS,Sedotan Hitam Steril Printing Pack Isi 200,BJ000012,PCS,Produk FINISHED GOOD Rafia,Sedotan Hitam Steril Printing Pack Isi 200,UNIT_NEEDS_NORMALIZATION,EXISTS_BY_NAME
227,Sedotan Hitam Steril Zak Full Polos,,Zak,,4-114 Penjualan Sedotan Steril,BARANG JADI,ZAK,,,,,,MISSING_PRODUCT_CODE,NEW_BY_NAME
228,Sedotan Hitam Super,SHP00ST6,Kg,,4-105 Penjualan Sedotan Los,BARANG JADI,KG,Sedotan Hitam Super,SHP00ST6,KG,Produk FINISHED GOOD Rafia,Sedotan Hitam Super,,EXISTS_BY_NAME;READY_AFTER_BASIC_REVIEW
229,Sedotan Hitam Super Lubang 10,SHP00ST10,Kg,,4-105 Penjualan Sedotan Los,BARANG JADI,KG,Sedotan Hitam Super Lubang 10,SHP00ST10,KG,Produk FINISHED GOOD Rafia,Sedotan Hitam Super Lubang 10,,EXISTS_BY_NAME;READY_AFTER_BASIC_REVIEW
230,Sedotan Hitam Tekuk,SHP00SU6,Kg,,4-110 Penjualan Sedotan Tekuk,BARANG JADI,KG,Sedotan Hitam Tekuk,SHP00SU6,KG,Produk FINISHED GOOD Rafia,Sedotan Hitam Tekuk,,EXISTS_BY_NAME;READY_AFTER_BASIC_REVIEW
231,"Sedotan Hitam Tumpul Lubang 8,5",SHP00ST8,Kg,,4-105 Penjualan Sedotan Los,BARANG JADI,KG,,,,,Sedotan Hitam Tumpul Lubang 8.5,SKU_ALREADY_USED_BY_OTHER_EXISTING_VARIANT,NEW_BY_NAME
232,"Sedotan Hitam Tumpul Lubang 9,5",SHP00ST9,Kg,,4-105 Penjualan Sedotan Los,BARANG JADI,KG,"Sedotan Hitam Tumpul Lubang 9,5",SHP00ST9,KG,Produk FINISHED GOOD Rafia,"Sedotan Hitam Tumpul Lubang 9,5",,EXISTS_BY_NAME;READY_AFTER_BASIC_REVIEW
233,Sedotan Kuning KW,SKP00KT6,Kg,,4-105 Penjualan Sedotan Los,BARANG JADI,KG,Sedotan Kuning KW,SKP00KT6,KG,Produk FINISHED GOOD Rafia,Sedotan Kuning KW,,EXISTS_BY_NAME;READY_AFTER_BASIC_REVIEW
234,Sedotan Kuning KW Jasa,SKK00JT6,Kg,,4-109 Penjualan Sedotan Maklon,BARANG JADI,KG,Sedotan Kuning KW Jasa,SKK00JT6,KG,Produk FINISHED GOOD Rafia,Sedotan Kuning KW Jasa,,EXISTS_BY_NAME;READY_AFTER_BASIC_REVIEW
235,"Sedotan Kuning KW Lubang 6,5",SHP00KT65,Kg,,4-105 Penjualan Sedotan Los,BARANG JADI,KG,,,,,Sedotan Kuning KW Lubang 6.5,SKU_ALREADY_USED_BY_OTHER_EXISTING_VARIANT,NEW_BY_NAME
236,Sedotan Kuning KW Lubang 7,SKP00KT7,Kg,,4-105 Penjualan Sedotan Los,BARANG JADI,KG,Sedotan Kuning KW Lubang 7,SKP00KT7,KG,Produk FINISHED GOOD Rafia,Sedotan Kuning KW Lubang 7,,EXISTS_BY_NAME;READY_AFTER_BASIC_REVIEW
237,Sedotan Kuning KW Lurik Dop,SKLD0KT6,Kg,,4-105 Penjualan Sedotan Los,BARANG JADI,KG,Sedotan Kuning KW Lurik Dop,SKLD0KT6,KG,Produk FINISHED GOOD Rafia,Sedotan Kuning KW Lurik Dop,,EXISTS_BY_NAME;READY_AFTER_BASIC_REVIEW
238,"Sedotan Kuning Lancip Lubang 5,5",SKP00WL,Kg,,4-105 Penjualan Sedotan Los,BARANG JADI,KG,,,,,Sedotan Kuning Lancip Lubang 5.5,SKU_ALREADY_USED_BY_OTHER_EXISTING_VARIANT,NEW_BY_NAME
239,"Sedotan Kuning Lancip Lubang 8,5",SKP00SL8,Kg,,4-105 Penjualan Sedotan Los,BARANG JADI,KG,,,,,Sedotan Kuning Lancip Lubang 8.5,SKU_ALREADY_USED_BY_OTHER_EXISTING_VARIANT,NEW_BY_NAME
240,Sedotan Kuning Lurik Dop Jasa,SKS00JT6,Kg,,4-109 Penjualan Sedotan Maklon,BARANG JADI,KG,Sedotan Kuning Lurik Dop Jasa,SKS00JT6,KG,Produk FINISHED GOOD Rafia,Sedotan Kuning Lurik Dop Jasa,,EXISTS_BY_NAME;READY_AFTER_BASIC_REVIEW
241,Sedotan Kuning Lurik Dop Lancip,SKLD0SL6,Kg,,4-105 Penjualan Sedotan Los,BARANG JADI,KG,Sedotan Kuning Lurik Dop Lancip,SKLD0SL6,KG,Produk FINISHED GOOD Rafia,Sedotan Kuning Lurik Dop Lancip,,EXISTS_BY_NAME;READY_AFTER_BASIC_REVIEW
242,Sedotan Kuning Lurik Dop Lancip Lubang 6,BJ000023,Kg,,4-105 Penjualan Sedotan Los,BARANG JADI,KG,Sedotan Kuning Lurik Dop Lancip Lubang 6,BJ000023,KG,Produk FINISHED GOOD Rafia,Sedotan Kuning Lurik Dop Lancip Lubang 6,,EXISTS_BY_NAME;READY_AFTER_BASIC_REVIEW
243,Sedotan Kuning Lurik Dop Lubang 6,SKLD0ST6,Kg,,4-105 Penjualan Sedotan Los,BARANG JADI,KG,Sedotan Kuning Lurik Dop Lubang 6,SKLD0ST6,KG,Produk FINISHED GOOD Rafia,Sedotan Kuning Lurik Dop Lubang 6,,EXISTS_BY_NAME;READY_AFTER_BASIC_REVIEW
244,"Sedotan Kuning Lurik Dop Lubang 6,2",SKLD0ST2,Kg,,4-105 Penjualan Sedotan Los,BARANG JADI,KG,"Sedotan Kuning Lurik Dop Lubang 6,2",SKLD0ST2,KG,Produk FINISHED GOOD Rafia,"Sedotan Kuning Lurik Dop Lubang 6,2",,EXISTS_BY_NAME;READY_AFTER_BASIC_REVIEW
245,"Sedotan Kuning Lurik Dop Lubang 6,5",,Kg,,4-105 Penjualan Sedotan Los,BARANG JADI,KG,,,,,,MISSING_PRODUCT_CODE,NEW_BY_NAME
246,Sedotan Kuning Lurik Hijau 200gr,BJ000013,Pack,,4-112 Penjualan Sedotan Pack,BARANG JADI,PCS,Sedotan Kuning Lurik Hijau 200gr,BJ000013,PCS,Produk FINISHED GOOD Rafia,Sedotan Kuning Lurik Hijau 200gr,UNIT_NEEDS_NORMALIZATION,EXISTS_BY_NAME
247,Sedotan Kuning Steril Full Printing,SKS00WL-11,Karton,,4-114 Penjualan Sedotan Steril,BARANG JADI,PCS,Sedotan Kuning Steril Full Printing,SKS00WL-11,PCS,Produk FINISHED GOOD Rafia,Sedotan Kuning Steril Full Printing,UNIT_NEEDS_NORMALIZATION,EXISTS_BY_NAME
248,Sedotan Kuning Super,SKP00ST6,Kg,,4-105 Penjualan Sedotan Los,BARANG JADI,KG,Sedotan Kuning Super,SKP00ST6,KG,Produk FINISHED GOOD Rafia,Sedotan Kuning Super,,EXISTS_BY_NAME;READY_AFTER_BASIC_REVIEW
249,Sedotan Kuning Super 3,SKP00WT6,Kg,,4-105 Penjualan Sedotan Los,BARANG JADI,KG,Sedotan Kuning Super 3,SKP00WT6,KG,Produk FINISHED GOOD Rafia,Sedotan Kuning Super 3,,EXISTS_BY_NAME;READY_AFTER_BASIC_REVIEW
250,Sedotan Kuning Super Jasa,SKP00JT6,Kg,,4-109 Penjualan Sedotan Maklon,BARANG JADI,KG,Sedotan Kuning Super Jasa,SKP00JT6,KG,Produk FINISHED GOOD Rafia,Sedotan Kuning Super Jasa,,EXISTS_BY_NAME;READY_AFTER_BASIC_REVIEW
251,"Sedotan Kuning Tumpul Lubang 8,5",SKP00ST8,Kg,,4-105 Penjualan Sedotan Los,BARANG JADI,KG,,,,,Sedotan Kuning Tumpul Lubang 8.5,SKU_ALREADY_USED_BY_OTHER_EXISTING_VARIANT,NEW_BY_NAME
252,"Sedotan Kuning Tumpul Lubang 8,5 Jasa",SKP00JT8,Kg,,4-109 Penjualan Sedotan Maklon,BARANG JADI,KG,,,,,Sedotan Kuning Tumpul Lubang 8.5 Jasa,SKU_ALREADY_USED_BY_OTHER_EXISTING_VARIANT,NEW_BY_NAME
253,Sedotan Los Bening Lurik Pink Putih,SBLPDKT6-00,Kg,,4-105 Penjualan Sedotan Los,BARANG JADI,KG,Sedotan Los Bening Lurik Pink Putih,SBLPDKT6-00,KG,Produk FINISHED GOOD Rafia,Sedotan Los Bening Lurik Pink Putih,,EXISTS_BY_NAME;READY_AFTER_BASIC_REVIEW
254,Sedotan Los Bening Super,SBP00ST6-00,Kg,,4-105 Penjualan Sedotan Los,BARANG JADI,KG,Sedotan Los Bening Super,SBP00ST6-00,KG,Produk FINISHED GOOD Rafia,Sedotan Los Bening Super,,EXISTS_BY_NAME;READY_AFTER_BASIC_REVIEW
255,Sedotan Los Hijau Lurik Dop,SJPLD0KT6-00,Kg,,4-105 Penjualan Sedotan Los,BARANG JADI,KG,Sedotan Los Hijau Lurik Dop,SJPLD0KT6-00,KG,Produk FINISHED GOOD Rafia,Sedotan Los Hijau Lurik Dop,,EXISTS_BY_NAME;READY_AFTER_BASIC_REVIEW
256,Sedotan Los Hijau Super,SJP00ST6-00,Kg,,4-105 Penjualan Sedotan Los,BARANG JADI,KG,Sedotan Los Hijau Super,SJP00ST6-00,KG,Produk FINISHED GOOD Rafia,Sedotan Los Hijau Super,,EXISTS_BY_NAME;READY_AFTER_BASIC_REVIEW
257,Sedotan Los Kuning Lurik Dop,SKLD0KT6-00,Kg,,4-105 Penjualan Sedotan Los,BARANG JADI,KG,Sedotan Los Kuning Lurik Dop,SKLD0KT6-00,KG,Produk FINISHED GOOD Rafia,Sedotan Los Kuning Lurik Dop,,EXISTS_BY_NAME;READY_AFTER_BASIC_REVIEW
258,Sedotan Los Kuning Super,SKP00ST6-00,Kg,,4-105 Penjualan Sedotan Los,BARANG JADI,KG,Sedotan Los Kuning Super,SKP00ST6-00,KG,Produk FINISHED GOOD Rafia,Sedotan Los Kuning Super,,EXISTS_BY_NAME;READY_AFTER_BASIC_REVIEW
259,Sedotan Los Merah Lurik Dop,SMLD0KT-00,Kg,,4-105 Penjualan Sedotan Los,BARANG JADI,KG,Sedotan Los Merah Lurik Dop,SMLD0KT-00,KG,Produk FINISHED GOOD Rafia,Sedotan Los Merah Lurik Dop,,EXISTS_BY_NAME;READY_AFTER_BASIC_REVIEW
260,Sedotan Los Merah Super,SMP00ST6-00,Kg,,4-105 Penjualan Sedotan Los,BARANG JADI,KG,Sedotan Los Merah Super,SMP00ST6-00,KG,Produk FINISHED GOOD Rafia,Sedotan Los Merah Super,,EXISTS_BY_NAME;READY_AFTER_BASIC_REVIEW
261,Sedotan Los Pink Lurik Dop,SPLD0KT6-00,Kg,,4-105 Penjualan Sedotan Los,BARANG JADI,KG,Sedotan Los Pink Lurik Dop,SPLD0KT6-00,KG,Produk FINISHED GOOD Rafia,Sedotan Los Pink Lurik Dop,,EXISTS_BY_NAME;READY_AFTER_BASIC_REVIEW
262,Sedotan Los Pink Super,SPP00ST6-00,Kg,,4-105 Penjualan Sedotan Los,BARANG JADI,KG,Sedotan Los Pink Super,SPP00ST6-00,KG,Produk FINISHED GOOD Rafia,Sedotan Los Pink Super,,EXISTS_BY_NAME;READY_AFTER_BASIC_REVIEW
263,Sedotan Los Putih Dop Super,SDP00ST6-00,Kg,,4-105 Penjualan Sedotan Los,BARANG JADI,KG,Sedotan Los Putih Dop Super,SDP00ST6-00,KG,Produk FINISHED GOOD Rafia,Sedotan Los Putih Dop Super,,EXISTS_BY_NAME;READY_AFTER_BASIC_REVIEW
264,Sedotan Los Ungu Lurik Dop,SULD0KT6-00,Kg,,4-105 Penjualan Sedotan Los,BARANG JADI,KG,Sedotan Los Ungu Lurik Dop,SULD0KT6-00,KG,Produk FINISHED GOOD Rafia,Sedotan Los Ungu Lurik Dop,,EXISTS_BY_NAME;READY_AFTER_BASIC_REVIEW
265,Sedotan Los Ungu Super,SUP00ST6-00,Kg,,4-105 Penjualan Sedotan Los,BARANG JADI,KG,Sedotan Los Ungu Super,SUP00ST6-00,KG,Produk FINISHED GOOD Rafia,Sedotan Los Ungu Super,,EXISTS_BY_NAME;READY_AFTER_BASIC_REVIEW
266,Sedotan Merah KW,SMP00KT6,Kg,,4-105 Penjualan Sedotan Los,BARANG JADI,KG,Sedotan Merah KW,SMP00KT6,KG,Produk FINISHED GOOD Rafia,Sedotan Merah KW,,EXISTS_BY_NAME;READY_AFTER_BASIC_REVIEW
267,Sedotan Merah KW Jasa,SMK00JT6,Kg,,4-109 Penjualan Sedotan Maklon,BARANG JADI,KG,Sedotan Merah KW Jasa,SMK00JT6,KG,Produk FINISHED GOOD Rafia,Sedotan Merah KW Jasa,,EXISTS_BY_NAME;READY_AFTER_BASIC_REVIEW
268,Sedotan Merah KW Lubang 7,SMP00KT7,Kg,,4-105 Penjualan Sedotan Los,BARANG JADI,KG,Sedotan Merah KW Lubang 7,SMP00KT7,KG,Produk FINISHED GOOD Rafia,Sedotan Merah KW Lubang 7,,EXISTS_BY_NAME;READY_AFTER_BASIC_REVIEW
269,Sedotan Merah KW Lurik Dop,SMLD0KT6,Kg,,4-105 Penjualan Sedotan Los,BARANG JADI,KG,Sedotan Merah KW Lurik Dop,SMLD0KT6,KG,Produk FINISHED GOOD Rafia,Sedotan Merah KW Lurik Dop,,EXISTS_BY_NAME;READY_AFTER_BASIC_REVIEW
270,Sedotan Merah Lurik Dop Jasa,SMS00JT6,Kg,,4-109 Penjualan Sedotan Maklon,BARANG JADI,KG,Sedotan Merah Lurik Dop Jasa,SMS00JT6,KG,Produk FINISHED GOOD Rafia,Sedotan Merah Lurik Dop Jasa,,EXISTS_BY_NAME;READY_AFTER_BASIC_REVIEW
271,Sedotan Merah Lurik Dop Lancip Lubang 6,BJ000020,Kg,,4-105 Penjualan Sedotan Los,BARANG JADI,KG,Sedotan Merah Lurik Dop Lancip Lubang 6,BJ000020,KG,Produk FINISHED GOOD Rafia,Sedotan Merah Lurik Dop Lancip Lubang 6,,EXISTS_BY_NAME;READY_AFTER_BASIC_REVIEW
272,Sedotan Merah Lurik Dop Lubang 6,SMLD0ST6,Kg,,4-105 Penjualan Sedotan Los,BARANG JADI,KG,Sedotan Merah Lurik Dop Lubang 6,SMLD0ST6,KG,Produk FINISHED GOOD Rafia,Sedotan Merah Lurik Dop Lubang 6,,EXISTS_BY_NAME;READY_AFTER_BASIC_REVIEW
273,"Sedotan Merah Lurik Dop Lubang 6,2",SMLD0ST62,Kg,,4-105 Penjualan Sedotan Los,BARANG JADI,KG,"Sedotan Merah Lurik Dop Lubang 6,2",SMLD0ST62,KG,Produk FINISHED GOOD Rafia,"Sedotan Merah Lurik Dop Lubang 6,2",,EXISTS_BY_NAME;READY_AFTER_BASIC_REVIEW
274,"Sedotan Merah Lurik Dop Lubang 6,5",,Kg,,4-105 Penjualan Sedotan Los,BARANG JADI,KG,,,,,,MISSING_PRODUCT_CODE,NEW_BY_NAME
275,"Sedotan Merah Lurik Dop Lubang 8,5",SMLD0ST8,Kg,,4-105 Penjualan Sedotan Los,BARANG JADI,KG,,,,,Sedotan Merah Lurik Dop Lubang 8.5,SKU_ALREADY_USED_BY_OTHER_EXISTING_VARIANT,NEW_BY_NAME
276,Sedotan Merah Super,SMP00ST6,Kg,,4-105 Penjualan Sedotan Los,BARANG JADI,KG,Sedotan Merah Super,SMP00ST6,KG,Produk FINISHED GOOD Rafia,Sedotan Merah Super,,EXISTS_BY_NAME;READY_AFTER_BASIC_REVIEW
277,"Sedotan Merah Super 0,95 (10)",,Bal,,4-101 Penjualan Rafia Bal,BARANG JADI,BAL,,,,,,MISSING_PRODUCT_CODE,NEW_BY_NAME
278,Sedotan Merah Super Jasa,SMP00JT6,Kg,,4-109 Penjualan Sedotan Maklon,BARANG JADI,KG,Sedotan Merah Super Jasa,SMP00JT6,KG,Produk FINISHED GOOD Rafia,Sedotan Merah Super Jasa,,EXISTS_BY_NAME;READY_AFTER_BASIC_REVIEW
279,"Sedotan Merah Tumpul Lubang 8,5",SMP00ST8,Kg,,4-105 Penjualan Sedotan Los,BARANG JADI,KG,,,,,Sedotan Merah Tumpul Lubang 8.5,SKU_ALREADY_USED_BY_OTHER_EXISTING_VARIANT,NEW_BY_NAME
280,"Sedotan Merah Tumpul Lubang 8,5 Jasa",SMP00JT8,Kg,,4-109 Penjualan Sedotan Maklon,BARANG JADI,KG,,,,,Sedotan Merah Tumpul Lubang 8.5 Jasa,SKU_ALREADY_USED_BY_OTHER_EXISTING_VARIANT,NEW_BY_NAME
281,"Sedotan Orange Lancip Lubang 5,5",SOP00WL,Kg,,4-105 Penjualan Sedotan Los,BARANG JADI,KG,,,,,Sedotan Orange Lancip Lubang 5.5,SKU_ALREADY_USED_BY_OTHER_EXISTING_VARIANT,NEW_BY_NAME
282,Sedotan Orange Lurik Dop Jasa,SOLD0JT6,Kg,,4-109 Penjualan Sedotan Maklon,BARANG JADI,KG,Sedotan Orange Lurik Dop Jasa,SOLD0JT6,KG,Produk FINISHED GOOD Rafia,Sedotan Orange Lurik Dop Jasa,,EXISTS_BY_NAME;READY_AFTER_BASIC_REVIEW
283,"Sedotan Orange Lurik Dop Lubang 6,2",SOLD0ST62,Kg,,4-105 Penjualan Sedotan Los,BARANG JADI,KG,"Sedotan Orange Lurik Dop Lubang 6,2",SOLD0ST62,KG,Produk FINISHED GOOD Rafia,"Sedotan Orange Lurik Dop Lubang 6,2",,EXISTS_BY_NAME;READY_AFTER_BASIC_REVIEW
284,Sedotan Orange Steril Full Printing,SOS00WL-11,Karton,,4-114 Penjualan Sedotan Steril,BARANG JADI,PCS,Sedotan Orange Steril Full Printing,SOS00WL-11,PCS,Produk FINISHED GOOD Rafia,Sedotan Orange Steril Full Printing,UNIT_NEEDS_NORMALIZATION,EXISTS_BY_NAME
285,Sedotan Pink KW,SPP00KT6,Kg,,4-105 Penjualan Sedotan Los,BARANG JADI,KG,Sedotan Pink KW,SPP00KT6,KG,Produk FINISHED GOOD Rafia,Sedotan Pink KW,,EXISTS_BY_NAME;READY_AFTER_BASIC_REVIEW
286,Sedotan Pink KW Jasa,SPK00JT6,Kg,,4-109 Penjualan Sedotan Maklon,BARANG JADI,KG,Sedotan Pink KW Jasa,SPK00JT6,KG,Produk FINISHED GOOD Rafia,Sedotan Pink KW Jasa,,EXISTS_BY_NAME;READY_AFTER_BASIC_REVIEW
287,Sedotan Pink KW Lurik Dop,SPLD0KT6,Kg,,4-105 Penjualan Sedotan Los,BARANG JADI,KG,Sedotan Pink KW Lurik Dop,SPLD0KT6,KG,Produk FINISHED GOOD Rafia,Sedotan Pink KW Lurik Dop,,EXISTS_BY_NAME;READY_AFTER_BASIC_REVIEW
288,"Sedotan Pink Lancip Lubang 5,5",SPP00SL6,Kg,,4-105 Penjualan Sedotan Los,BARANG JADI,KG,,,,,Sedotan Pink Lancip Lubang 5.5,SKU_ALREADY_USED_BY_OTHER_EXISTING_VARIANT,NEW_BY_NAME
289,"Sedotan Pink Lancip Lubang 8,5",SPP00SL8,Kg,,4-105 Penjualan Sedotan Los,BARANG JADI,KG,,,,,Sedotan Pink Lancip Lubang 8.5,SKU_ALREADY_USED_BY_OTHER_EXISTING_VARIANT,NEW_BY_NAME
290,Sedotan Pink Lurik Dop Jasa,SPLD0JT6,Kg,,4-109 Penjualan Sedotan Maklon,BARANG JADI,KG,Sedotan Pink Lurik Dop Jasa,SPLD0JT6,KG,Produk FINISHED GOOD Rafia,Sedotan Pink Lurik Dop Jasa,,EXISTS_BY_NAME;READY_AFTER_BASIC_REVIEW
291,Sedotan Pink Lurik Dop Lancip Lubang 6,BJ000021,Kg,,4-105 Penjualan Sedotan Los,BARANG JADI,KG,Sedotan Pink Lurik Dop Lancip Lubang 6,BJ000021,KG,Produk FINISHED GOOD Rafia,Sedotan Pink Lurik Dop Lancip Lubang 6,,EXISTS_BY_NAME;READY_AFTER_BASIC_REVIEW
292,Sedotan Pink Lurik Dop Lubang 6,SPLD0ST6,Kg,,4-105 Penjualan Sedotan Los,BARANG JADI,KG,Sedotan Pink Lurik Dop Lubang 6,SPLD0ST6,KG,Produk FINISHED GOOD Rafia,Sedotan Pink Lurik Dop Lubang 6,,EXISTS_BY_NAME;READY_AFTER_BASIC_REVIEW
293,"Sedotan Pink Lurik Dop Lubang 6,2",SPLD0ST62,Kg,,4-105 Penjualan Sedotan Los,BARANG JADI,KG,"Sedotan Pink Lurik Dop Lubang 6,2",SPLD0ST62,KG,Produk FINISHED GOOD Rafia,"Sedotan Pink Lurik Dop Lubang 6,2",,EXISTS_BY_NAME;READY_AFTER_BASIC_REVIEW
294,"Sedotan Pink Lurik Dop Lubang 6,5",,Kg,,4-105 Penjualan Sedotan Los,BARANG JADI,KG,,,,,,MISSING_PRODUCT_CODE,NEW_BY_NAME
295,Sedotan Pink Lurik Dop Lubang 8.5,SPLD0ST8,Kg,,4-105 Penjualan Sedotan Los,BARANG JADI,KG,Sedotan Pink Lurik Dop Lubang 8.5,SPLD0ST8,KG,Produk FINISHED GOOD Rafia,Sedotan Pink Lurik Dop Lubang 8.5,,EXISTS_BY_NAME;READY_AFTER_BASIC_REVIEW
296,Sedotan Pink Steril Full Printing,SPS00WL-11,Karton,,4-114 Penjualan Sedotan Steril,BARANG JADI,PCS,Sedotan Pink Steril Full Printing,SPS00WL-11,PCS,Produk FINISHED GOOD Rafia,Sedotan Pink Steril Full Printing,UNIT_NEEDS_NORMALIZATION,EXISTS_BY_NAME
297,Sedotan Pink Super,SPP00ST6,Kg,,4-105 Penjualan Sedotan Los,BARANG JADI,KG,Sedotan Pink Super,SPP00ST6,KG,Produk FINISHED GOOD Rafia,Sedotan Pink Super,,EXISTS_BY_NAME;READY_AFTER_BASIC_REVIEW
298,Sedotan Pink Super Jasa,SPP00JT6,Kg,,4-109 Penjualan Sedotan Maklon,BARANG JADI,KG,Sedotan Pink Super Jasa,SPP00JT6,KG,Produk FINISHED GOOD Rafia,Sedotan Pink Super Jasa,,EXISTS_BY_NAME;READY_AFTER_BASIC_REVIEW
299,"Sedotan Pink Tumpul Lubang 8,5",SPP00ST8,Kg,,4-105 Penjualan Sedotan Los,BARANG JADI,KG,,,,,Sedotan Pink Tumpul Lubang 8.5,SKU_ALREADY_USED_BY_OTHER_EXISTING_VARIANT,NEW_BY_NAME
300,"Sedotan Pink Tumpul Lubang 8,5 Jasa",SPP00JT8,Kg,,4-109 Penjualan Sedotan Maklon,BARANG JADI,KG,,,,,Sedotan Pink Tumpul Lubang 8.5 Jasa,SKU_ALREADY_USED_BY_OTHER_EXISTING_VARIANT,NEW_BY_NAME
301,Sedotan Putih Dop Super,SDP00ST6,Kg,,4-105 Penjualan Sedotan Los,BARANG JADI,KG,Sedotan Putih Dop Super,SDP00ST6,KG,Produk FINISHED GOOD Rafia,Sedotan Putih Dop Super,,EXISTS_BY_NAME;READY_AFTER_BASIC_REVIEW
302,Sedotan Putih Dop Super 90gr,,Pack,,4-112 Penjualan Sedotan Pack,BARANG JADI,PCS,,,,,,MISSING_PRODUCT_CODE;UNIT_NEEDS_NORMALIZATION,NEW_BY_NAME
303,Sedotan Putih Dop Super Jasa,SDP00JT6,Kg,,4-109 Penjualan Sedotan Maklon,BARANG JADI,KG,Sedotan Putih Dop Super Jasa,SDP00JT6,KG,Produk FINISHED GOOD Rafia,Sedotan Putih Dop Super Jasa,,EXISTS_BY_NAME;READY_AFTER_BASIC_REVIEW
304,Sedotan Tongji Kuning Lurik Hijau Lancip Lubang 6,SKLH0SL6,Kg,,4-105 Penjualan Sedotan Los,BARANG JADI,KG,Sedotan Tongji Kuning Lurik Hijau Lancip Lubang 6,SKLH0SL6,KG,Produk FINISHED GOOD Rafia,Sedotan Tongji Kuning Lurik Hijau Lancip Lubang 6,,EXISTS_BY_NAME;READY_AFTER_BASIC_REVIEW
305,Sedotan Ungu KW,SUP00KT6,Kg,,4-105 Penjualan Sedotan Los,BARANG JADI,KG,Sedotan Ungu KW,SUP00KT6,KG,Produk FINISHED GOOD Rafia,Sedotan Ungu KW,,EXISTS_BY_NAME;READY_AFTER_BASIC_REVIEW
306,Sedotan Ungu KW Lurik Dop,SULD0KT6,Kg,,4-105 Penjualan Sedotan Los,BARANG JADI,KG,Sedotan Ungu KW Lurik Dop,SULD0KT6,KG,Produk FINISHED GOOD Rafia,Sedotan Ungu KW Lurik Dop,,EXISTS_BY_NAME;READY_AFTER_BASIC_REVIEW
307,"Sedotan Ungu Lancip Lubang 8,5",BJ000002,Kg,,4-105 Penjualan Sedotan Los,BARANG JADI,KG,"Sedotan Ungu Lancip Lubang 8,5",BJ000002,KG,Produk FINISHED GOOD Rafia,"Sedotan Ungu Lancip Lubang 8,5",,EXISTS_BY_NAME;READY_AFTER_BASIC_REVIEW
308,Sedotan Ungu Lurik Dop Jasa,SULD0JT6,Kg,,4-105 Penjualan Sedotan Los,BARANG JADI,KG,Sedotan Ungu Lurik Dop Jasa,SULD0JT6,KG,Produk FINISHED GOOD Rafia,Sedotan Ungu Lurik Dop Jasa,,EXISTS_BY_NAME;READY_AFTER_BASIC_REVIEW
309,Sedotan Ungu Lurik Dop Lubang 6,SULD0ST6,Kg,,4-105 Penjualan Sedotan Los,BARANG JADI,KG,Sedotan Ungu Lurik Dop Lubang 6,SULD0ST6,KG,Produk FINISHED GOOD Rafia,Sedotan Ungu Lurik Dop Lubang 6,,EXISTS_BY_NAME;READY_AFTER_BASIC_REVIEW
310,"Sedotan Ungu Lurik Dop Lubang 6,2",SULD0ST2,Kg,,4-105 Penjualan Sedotan Los,BARANG JADI,KG,"Sedotan Ungu Lurik Dop Lubang 6,2",SULD0ST2,KG,Produk FINISHED GOOD Rafia,"Sedotan Ungu Lurik Dop Lubang 6,2",,EXISTS_BY_NAME;READY_AFTER_BASIC_REVIEW
311,"Sedotan Ungu Lurik Dop Lubang 6,5",,Kg,,4-105 Penjualan Sedotan Los,BARANG JADI,KG,,,,,,MISSING_PRODUCT_CODE,NEW_BY_NAME
312,"Sedotan Ungu Lurik Dop Lubang 8,5",SULD0ST8,Kg,,4-105 Penjualan Sedotan Los,BARANG JADI,KG,,,,,Sedotan Ungu Lurik Dop Lubang 8.5,SKU_ALREADY_USED_BY_OTHER_EXISTING_VARIANT,NEW_BY_NAME
313,Sedotan Ungu Super,SUP00ST6,Kg,,4-105 Penjualan Sedotan Los,BARANG JADI,KG,Sedotan Ungu Super,SUP00ST6,KG,Produk FINISHED GOOD Rafia,Sedotan Ungu Super,,EXISTS_BY_NAME;READY_AFTER_BASIC_REVIEW
314,Sedotan Ungu Super Jasa,,Kg,,4-105 Penjualan Sedotan Los,BARANG JADI,KG,,,,,,MISSING_PRODUCT_CODE,NEW_BY_NAME
315,"Sedotan Ungu Tumpul Lubang 8,5 Jasa",SUP00JT8,Kg,,4-105 Penjualan Sedotan Los,BARANG JADI,KG,,,,,Sedotan Ungu Tumpul Lubang 8.5 Jasa,SKU_ALREADY_USED_BY_OTHER_EXISTING_VARIANT,NEW_BY_NAME
316,Sedotan Warna KW,SWP00KT6,Pack,,4-112 Penjualan Sedotan Pack,BARANG JADI,PCS,Sedotan Warna KW,SWP00KT6,PCS,Produk FINISHED GOOD Rafia,Sedotan Warna KW,UNIT_NEEDS_NORMALIZATION,EXISTS_BY_NAME
317,Sedotan Warna KW 175gr,SWK175T-02,Pack,,4-112 Penjualan Sedotan Pack,BARANG JADI,PCS,Sedotan Warna KW 175gr,SWK175T-02,PCS,Produk FINISHED GOOD Rafia,Sedotan Warna KW 175gr,UNIT_NEEDS_NORMALIZATION,EXISTS_BY_NAME
318,Sedotan Warna KW 70gr,SWK700T-02,Pack,,4-112 Penjualan Sedotan Pack,BARANG JADI,PCS,Sedotan Warna KW 70gr,SWK700T-02,PCS,Produk FINISHED GOOD Rafia,Sedotan Warna KW 70gr,UNIT_NEEDS_NORMALIZATION,EXISTS_BY_NAME
319,Sedotan Warna KW Polos,SWP00KT-02,Pack,,4-112 Penjualan Sedotan Pack,BARANG JADI,PCS,Sedotan Warna KW Polos,SWP00KT-02,PCS,Produk FINISHED GOOD Rafia,Sedotan Warna KW Polos,UNIT_NEEDS_NORMALIZATION,EXISTS_BY_NAME
320,Sedotan Warna Lurik Dop,SWLD0KT-02,Kg,,4-105 Penjualan Sedotan Los,BARANG JADI,KG,Sedotan Warna Lurik Dop,SWLD0KT-02,KG,Produk FINISHED GOOD Rafia,Sedotan Warna Lurik Dop,,EXISTS_BY_NAME;READY_AFTER_BASIC_REVIEW
321,Sedotan Warna Lurik Dop 100gr,SWLD0KT10,Pack,,4-112 Penjualan Sedotan Pack,BARANG JADI,PCS,Sedotan Warna Lurik Dop 100gr,SWLD0KT10,PCS,Produk FINISHED GOOD Rafia,Sedotan Warna Lurik Dop 100gr,UNIT_NEEDS_NORMALIZATION,EXISTS_BY_NAME
322,Sedotan Warna Lurik Dop 120gr,BJ000003,Pack,,4-112 Penjualan Sedotan Pack,BARANG JADI,PCS,Sedotan Warna Lurik Dop 120gr,BJ000003,PCS,Produk FINISHED GOOD Rafia,Sedotan Warna Lurik Dop 120gr,UNIT_NEEDS_NORMALIZATION,EXISTS_BY_NAME
323,Sedotan Warna Lurik Dop 170gr,,Pack,,4-112 Penjualan Sedotan Pack,BARANG JADI,PCS,,,,,,MISSING_PRODUCT_CODE;UNIT_NEEDS_NORMALIZATION,NEW_BY_NAME
324,Sedotan Warna Lurik Dop 175gr,BJ000004,Pack,,4-112 Penjualan Sedotan Pack,BARANG JADI,PCS,Sedotan Warna Lurik Dop 175gr,BJ000004,PCS,Produk FINISHED GOOD Rafia,Sedotan Warna Lurik Dop 175gr,UNIT_NEEDS_NORMALIZATION,EXISTS_BY_NAME
325,Sedotan Warna Lurik Dop 200gr,,Pack,,4-112 Penjualan Sedotan Pack,BARANG JADI,PCS,,,,,,MISSING_PRODUCT_CODE;UNIT_NEEDS_NORMALIZATION,NEW_BY_NAME
326,Sedotan Warna Lurik Dop 60gr,BJ000005,Pack,,4-112 Penjualan Sedotan Pack,BARANG JADI,PCS,Sedotan Warna Lurik Dop 60gr,BJ000005,PCS,Produk FINISHED GOOD Rafia,Sedotan Warna Lurik Dop 60gr,UNIT_NEEDS_NORMALIZATION,EXISTS_BY_NAME
327,Sedotan Warna Lurik Dop 70gr,BJ000006,Pack,,4-112 Penjualan Sedotan Pack,BARANG JADI,PCS,Sedotan Warna Lurik Dop 70gr,BJ000006,PCS,Produk FINISHED GOOD Rafia,Sedotan Warna Lurik Dop 70gr,UNIT_NEEDS_NORMALIZATION,EXISTS_BY_NAME
328,Sedotan Warna Lurik Dop 75gr,BJ000007,Pack,,4-112 Penjualan Sedotan Pack,BARANG JADI,PCS,Sedotan Warna Lurik Dop 75gr,BJ000007,PCS,Produk FINISHED GOOD Rafia,Sedotan Warna Lurik Dop 75gr,UNIT_NEEDS_NORMALIZATION,EXISTS_BY_NAME
329,Sedotan Warna Lurik Dop 80gr,BJ000008,Pack,,4-112 Penjualan Sedotan Pack,BARANG JADI,PCS,Sedotan Warna Lurik Dop 80gr,BJ000008,PCS,Produk FINISHED GOOD Rafia,Sedotan Warna Lurik Dop 80gr,UNIT_NEEDS_NORMALIZATION,EXISTS_BY_NAME
330,Sedotan Warna Lurik Dop 95gr,BJ000009,Pack,,4-112 Penjualan Sedotan Pack,BARANG JADI,PCS,Sedotan Warna Lurik Dop 95gr,BJ000009,PCS,Produk FINISHED GOOD Rafia,Sedotan Warna Lurik Dop 95gr,UNIT_NEEDS_NORMALIZATION,EXISTS_BY_NAME
331,Sedotan Warna Lurik Dop Super,SWLD0ST-02,Pack,,4-112 Penjualan Sedotan Pack,BARANG JADI,PCS,Sedotan Warna Lurik Dop Super,SWLD0ST-02,PCS,Produk FINISHED GOOD Rafia,Sedotan Warna Lurik Dop Super,UNIT_NEEDS_NORMALIZATION,EXISTS_BY_NAME
332,Sedotan Warna Lurik Double 70gr,BJ000015,Pack,,4-112 Penjualan Sedotan Pack,BARANG JADI,PCS,Sedotan Warna Lurik Double 70gr,BJ000015,PCS,Produk FINISHED GOOD Rafia,Sedotan Warna Lurik Double 70gr,DUPLICATE_PRODUCT_CODE_IN_SHEET;UNIT_NEEDS_NORMALIZATION,EXISTS_BY_NAME
333,Sedotan Warna Pop Ice Tumpul,BJ000010,Pack,,4-112 Penjualan Sedotan Pack,BARANG JADI,PCS,Sedotan Warna Pop Ice Tumpul,BJ000010,PCS,Produk FINISHED GOOD Rafia,Sedotan Warna Pop Ice Tumpul,UNIT_NEEDS_NORMALIZATION,EXISTS_BY_NAME
334,Sedotan Warna Pop Ice Tumpul 130gr,,Pack,,4-112 Penjualan Sedotan Pack,BARANG JADI,PCS,,,,,,MISSING_PRODUCT_CODE;UNIT_NEEDS_NORMALIZATION,NEW_BY_NAME
335,Sedotan Warna Steril Dalam Printing Luar Polos,SWS00WL-10,Karton,,4-114 Penjualan Sedotan Steril,BARANG JADI,PCS,Sedotan Warna Steril Dalam Printing Luar Polos,SWS00WL-10,PCS,Produk FINISHED GOOD Rafia,Sedotan Warna Steril Dalam Printing Luar Polos,UNIT_NEEDS_NORMALIZATION,EXISTS_BY_NAME
336,Sedotan Warna Steril Full Printing,SWS00WL-11,Karton,,4-114 Penjualan Sedotan Steril,BARANG JADI,PCS,Sedotan Warna Steril Full Printing,SWS00WL-11,PCS,Produk FINISHED GOOD Rafia,Sedotan Warna Steril Full Printing,UNIT_NEEDS_NORMALIZATION,EXISTS_BY_NAME
